sample_id,structure_id,q,atom,axis,n_atoms,n_edges,fro,alpha_med,alpha_mean,chan_frac,diag_frac,mu_std,mu_maxabs,qc_passed,zero_cut_missing_plus,zero_cut_missing_minus
Bulk01_chg0_atom007_axis0,Bulk01_chg0,0,7,0,64,5504,2.2706361947611406,5.423684227722739e-06,1.200001834967293e-06,8.329398255824354e-05,0.10498246277132064,0.004186325559278099,0.016257486796300662,True,0,0
Bulk01_chg0_atom007_axis1,Bulk01_chg0,0,7,1,64,5504,2.271269922774983,-3.580263160373713e-06,-3.397737493129386e-06,5.496838627892728e-05,0.10487516493287635,0.004181589491324875,0.016268328873832758,True,0,0
Bulk01_chg0_atom007_axis2,Bulk01_chg0,0,7,2,64,5504,2.271271093657597,-2.0118420961448703e-06,-3.482025409299439e-06,3.088813629317842e-05,0.10599594304886485,0.004181689826783634,0.016268620769934433,True,0,0
Bulk01_chg0_atom028_axis0,Bulk01_chg0,0,28,0,64,5504,2.270631164044018,5.106578983390807e-06,1.2153434820749709e-06,7.84242270194709e-05,0.10498133020362722,0.004186248217302773,0.016255305001610203,True,0,0
Bulk01_chg0_atom028_axis1,Bulk01_chg0,0,28,1,64,5504,2.271274778244617,1.7657894937584437e-06,3.3089660013228235e-06,2.711040701048966e-05,0.10487438666392779,0.00418175461552286,0.016274652627639864,True,0,0
Bulk01_chg0_atom028_axis2,Bulk01_chg0,0,28,2,64,5504,2.271274023463385,9.394736991159908e-07,3.2645974359836206e-06,1.4423872671485102e-05,0.10599368715441362,0.004181696683862059,0.016274723579714958,True,0,0
Bulk01_chg0_atom032_axis0,Bulk01_chg0,0,32,0,64,5504,2.375108935224071,-6.947368406877942e-07,1.4060537657104369e-06,1.0200080126016178e-05,0.142370735298054,0.008564760452829969,0.02989683180165134,True,0,0
Bulk01_chg0_atom032_axis1,Bulk01_chg0,0,32,1,64,5504,2.3752224891754543,4.223684112166606e-07,-3.6878719960698e-08,6.200888480392822e-06,0.1423670129109433,0.008565070536941702,0.029894007909062662,True,0,0
Bulk01_chg0_atom032_axis2,Bulk01_chg0,0,32,2,64,5504,2.3752279114267916,-6.447368496397207e-07,-9.502312204033884e-08,9.465509424965143e-06,0.1430735071750696,0.008565290651554388,0.029895170861364978,True,0,0
Bulk01_chg0_atom060_axis0,Bulk01_chg0,0,60,0,64,5504,2.37173187485678,-1.5315789375180383e-05,-1.478121052503464e-05,0.0002251855830237864,0.14251746072795476,0.008559354548393523,0.029891541913936014,True,0,0
Bulk01_chg0_atom060_axis1,Bulk01_chg0,0,60,1,64,5504,2.373235309205474,4.052631563666864e-07,-5.969916450364364e-08,5.954744183320308e-06,0.1424611769334608,0.00856297004363578,0.029977721260174325,True,0,0
Bulk01_chg0_atom060_axis2,Bulk01_chg0,0,60,2,64,5504,2.3732375417087077,-9.828947404749419e-07,-1.2653127744990857e-07,1.4442174525128158e-05,0.1431672714105039,0.00856315770047663,0.029978868502535318,True,0,0
Bulk02_chg0_atom007_axis0,Bulk02_chg0,0,7,0,64,5504,2.271197541830952,1.0523684274606862e-05,2.314684143879276e-06,0.00016157705500071816,0.10490495681437072,0.004185044064658785,0.016273952567165618,True,0,0
Bulk02_chg0_atom007_axis1,Bulk02_chg0,0,7,1,64,5504,2.270612861245415,1.0872368400483585e-05,-1.2413225329474871e-06,0.00016697361648399713,0.10497053731302802,0.004185035735356249,0.01627741572692206,True,0,0
Bulk02_chg0_atom007_axis2,Bulk02_chg0,0,7,2,64,5504,2.271191222738742,-8.390789491242781e-06,-2.2258197434416854e-06,0.00012882967522125747,0.10602675053685277,0.004185278810894966,0.016277591979719307,True,0,0
Bulk02_chg0_atom028_axis0,Bulk02_chg0,0,28,0,64,5504,2.268449754614272,7.881578883714874e-06,-2.2349525593604703e-06,0.00012115765244445181,0.10489915133284129,0.004181720578976293,0.016263839372090604,True,0,0
Bulk02_chg0_atom028_axis1,Bulk02_chg0,0,28,1,64,5504,2.269129907164558,1.3927631441315736e-05,3.21580852806455e-07,0.00021403494893400965,0.10478964925094929,0.004177728640917351,0.016227052608308822,True,0,0
Bulk02_chg0_atom028_axis2,Bulk02_chg0,0,28,2,64,5504,2.2684496439250306,7.688157881459215e-06,-2.230505688547308e-06,0.0001181843409467334,0.1060234679440869,0.004181768287756551,0.01626329476896085,True,0,0
Bulk02_chg0_atom032_axis0,Bulk02_chg0,0,32,0,64,5504,2.375186464162643,6.105263128269575e-07,-8.112862998586878e-09,8.963414166048325e-06,0.14230313927810317,0.00855984683102232,0.02987652919010112,True,0,0
Bulk02_chg0_atom032_axis1,Bulk02_chg0,0,32,1,64,5504,2.375353540560547,1.014473672225186e-06,-5.569046434794568e-07,1.4892901263257578e-05,0.14235991435522272,0.008565122356269616,0.029898515779917176,True,0,0
Bulk02_chg0_atom032_axis2,Bulk02_chg0,0,32,2,64,5504,2.375192083331307,4.328947363848999e-07,2.327233586537584e-08,6.3555092569892355e-06,0.14301055219875497,0.008560136261232977,0.029877921296773774,True,0,0
Bulk02_chg0_atom060_axis0,Bulk02_chg0,0,60,0,64,5504,2.3723225095120855,5.89473689229324e-07,1.0902407316347451e-08,8.6647788601228e-06,0.14243130109737687,0.00855649505873244,0.029950131588664494,True,0,0
Bulk02_chg0_atom060_axis1,Bulk02_chg0,0,60,1,64,5504,2.371918690728576,1.620131599254723e-05,1.4332940085786978e-05,0.00023818657676563307,0.14247842599668056,0.008557514869048067,0.029877697166643645,True,0,0
Bulk02_chg0_atom060_axis2,Bulk02_chg0,0,60,2,64,5504,2.3723194259064693,2.552631393745e-07,6.911918758699398e-10,3.752163275800791e-06,0.1431335084827268,0.0085563064011112,0.02995008656657056,True,0,0
Bulk03_chg0_atom007_axis0,Bulk03_chg0,0,7,0,64,5504,2.268332811443605,-2.702631587718423e-06,-3.1224475039799053e-06,4.154768793381137e-05,0.10487509539185344,0.004177512209020972,0.016233150026221808,True,0,0
Bulk03_chg0_atom007_axis1,Bulk03_chg0,0,7,1,64,5504,2.268336942992724,8.605263193011954e-07,3.089553305191192e-06,1.3228889211290185e-05,0.10487532641108029,0.004177575203270191,0.016236889445664066,True,0,0
Bulk03_chg0_atom007_axis2,Bulk03_chg0,0,7,2,64,5504,2.2689447052516307,5.7447369169051994e-06,9.8564847403479e-07,8.829030560351223e-05,0.10588414802525958,0.004173245186054928,0.016203957830408688,True,0,0
Bulk03_chg0_atom028_axis0,Bulk03_chg0,0,28,0,64,5504,2.271178367451345,1.3973684465446768e-06,3.0665730101090755e-06,2.1454899122575938e-05,0.10486159318681805,0.00418122656457623,0.016269418533499305,True,0,0
Bulk03_chg0_atom028_axis1,Bulk03_chg0,0,28,1,64,5504,2.271178360130278,1.4000000215961144e-06,3.0654627510021445e-06,2.149530383775646e-05,0.1048615889092681,0.004181225824450588,0.016269415751785823,True,0,0
Bulk03_chg0_atom028_axis2,Bulk03_chg0,0,28,2,64,5504,2.2705989134889433,5.932894717076173e-06,9.641749523460127e-07,9.111565538332511e-05,0.10610101217373073,0.004186354368931049,0.016253115891135837,True,0,0
Bulk03_chg0_atom032_axis0,Bulk03_chg0,0,32,0,64,5504,2.3752204507799655,5.1973683761431e-07,-2.0556691644052494e-08,7.630383450604788e-06,0.14236512236924273,0.008564896192256732,0.02989543148463494,True,0,0
Bulk03_chg0_atom032_axis1,Bulk03_chg0,0,32,1,64,5504,2.375220409291099,5.07894731184347e-07,-1.9693738432505128e-08,7.456526724103275e-06,0.1423651196931299,0.008564895770119749,0.029895426190801357,True,0,0
Bulk03_chg0_atom032_axis2,Bulk03_chg0,0,32,2,64,5504,2.375360282589596,-4.2105261219136846e-08,1.1131991920486665e-06,6.181212340403846e-07,0.1430658743887112,0.008565306079748671,0.029898339318797776,True,0,0
Bulk03_chg0_atom060_axis0,Bulk03_chg0,0,60,0,64,5504,2.372735912243621,1.2236841902341965e-07,-4.02909608892589e-08,1.7984018184292914e-06,0.14247582282827764,0.00856186706348723,0.029970268351270965,True,0,0
Bulk03_chg0_atom060_axis1,Bulk03_chg0,0,60,1,64,5504,2.372735903046116,1.1710526088019211e-07,-3.8275709490775967e-08,1.721051204319568e-06,0.14247581451827676,0.008561866281763563,0.029970268351270965,True,0,0
Bulk03_chg0_atom060_axis2,Bulk03_chg0,0,60,2,64,5504,2.372194871975034,-1.3040789404409511e-05,-1.3772827873737069e-05,0.00019169920255494182,0.14320540605684035,0.008560107413631543,0.029892575951587213,True,0,0
Bulk04_chg0_atom007_axis0,Bulk04_chg0,0,7,0,64,5504,2.2698744434131117,-4.205263135609608e-06,-8.473873844730786e-08,6.460380958008147e-05,0.10487562379251897,0.004180637464866799,0.016236008071389637,True,0,0
Bulk04_chg0_atom007_axis1,Bulk04_chg0,0,7,1,64,5504,2.2699083636502153,1.236841906554195e-07,-1.9524147363178095e-08,1.9000833570695417e-06,0.10485169910799665,0.0041783905162936395,0.016225881715256133,True,0,0
Bulk04_chg0_atom007_axis2,Bulk04_chg0,0,7,2,64,5504,2.269909192778174,3.289473732000883e-07,3.565610775935535e-08,5.053412223129287e-06,0.1059756486187047,0.004178503165937547,0.01622626847146373,True,0,0
Bulk04_chg0_atom028_axis0,Bulk04_chg0,0,28,0,64,5504,2.2685712828574096,9.406578943514288e-06,2.0541321486293402e-05,0.00014459259827205904,0.10494014069002164,0.004178170577857315,0.01623936053855639,True,0,0
Bulk04_chg0_atom028_axis1,Bulk04_chg0,0,28,1,64,5504,2.268818540906742,-7.631580541780486e-08,-1.996265217633187e-07,1.1729554483565856e-06,0.10489556508231163,0.004178270647837151,0.01626132086752669,True,0,0
Bulk04_chg0_atom028_axis2,Bulk04_chg0,0,28,2,64,5504,2.2688192084106933,-8.750000105993051e-07,-1.3170326520307385e-07,1.3448534313039848e-05,0.1060178533921058,0.004178251335672614,0.016260213169612382,True,0,0
Bulk04_chg0_atom032_axis0,Bulk04_chg0,0,32,0,64,5504,2.375105874687791,8.697368549803741e-07,-1.3053473591510475e-06,1.2769435160714872e-05,0.14236757807666847,0.008564515065479337,0.02990097638317629,True,0,0
Bulk04_chg0_atom032_axis1,Bulk04_chg0,0,32,1,64,5504,2.3752445741547348,5.749999987726465e-07,-1.4333611418832284e-07,8.441629681281657e-06,0.14237340421930625,0.008565666608302337,0.029897058039511506,True,0,0
Bulk04_chg0_atom032_axis2,Bulk04_chg0,0,32,2,64,5504,2.375246527619485,1.5263157175575926e-07,-7.713586828056755e-08,2.240796781777133e-06,0.14307734089451443,0.008565698643712111,0.029897083944984172,True,0,0
Bulk04_chg0_atom060_axis0,Bulk04_chg0,0,60,0,64,5504,2.375124660197098,-2.526315802915753e-06,-2.863865944233504e-06,3.7090955161791856e-05,0.1423556246588714,0.008561650925229265,0.02992864484947763,True,0,0
Bulk04_chg0_atom060_axis1,Bulk04_chg0,0,60,1,64,5504,2.37605447602132,-2.617105269714078e-06,-3.625047977275412e-06,3.84088749156745e-05,0.1423546225657597,0.00856689891320304,0.029975471111308587,True,0,0
Bulk04_chg0_atom060_axis2,Bulk04_chg0,0,60,2,64,5504,2.3760536398456087,-1.9881579012354975e-06,-3.5601863181762734e-06,2.9178396413140117e-05,0.14305754634706982,0.008566869086033825,0.029976249893048878,True,0,0
Bulk05_chg0_atom007_axis0,Bulk05_chg0,0,7,0,64,5504,2.2696471244243654,-9.065789554384945e-07,-1.0793727723298983e-07,1.3928812134967632e-05,0.10489312145318765,0.004181627171869692,0.016231447495029944,True,0,0
Bulk05_chg0_atom007_axis1,Bulk05_chg0,0,7,1,64,5504,2.269001565768484,2.197368408212397e-06,1.0328965877106838e-06,3.377029607252008e-05,0.10488214507360213,0.004179438090958831,0.01622660270597982,True,0,0
Bulk05_chg0_atom007_axis2,Bulk05_chg0,0,7,2,64,5504,2.2686557539534147,6.026315820630962e-07,1.4513542331402167e-06,9.262966095482866e-06,0.10601315025431977,0.004178935284879362,0.01622451312447849,True,0,0
Bulk05_chg0_atom028_axis0,Bulk05_chg0,0,28,0,64,5504,2.2687878931871333,-2.7631568986102562e-08,-1.928527155661136e-07,4.246962608486006e-07,0.10490144561104144,0.004178666841169919,0.016260855328781826,True,0,0
Bulk05_chg0_atom028_axis1,Bulk05_chg0,0,28,1,64,5504,2.268702790050178,-1.2860526339864009e-05,-2.0524797948468794e-05,0.00019767326040964715,0.10493092372999879,0.004177776438672061,0.016239378993448458,True,0,0
Bulk05_chg0_atom028_axis2,Bulk05_chg0,0,28,2,64,5504,2.2687853404095337,1.552631678430017e-07,-2.3532710968776966e-07,2.3863922116474008e-06,0.10602238488932766,0.004178520414965934,0.0162587844595117,True,0,0
Bulk05_chg0_atom032_axis0,Bulk05_chg0,0,32,0,64,5504,2.375210586319851,7.986842052749927e-07,-1.9962715103790524e-07,1.1725726581540178e-05,0.1423685708941473,0.008565081506466047,0.02989634484248726,True,0,0
Bulk05_chg0_atom032_axis1,Bulk05_chg0,0,32,1,64,5504,2.3751092991507985,6.671052484220677e-07,8.175966554482632e-07,9.794393423888548e-06,0.1423736213706458,0.008564941437215373,0.029898063034603472,True,0,0
Bulk05_chg0_atom032_axis2,Bulk05_chg0,0,32,2,64,5504,2.3752158158013494,-1.052631630515359e-07,-2.969994262220642e-07,1.5453972213107351e-06,0.1430754254337247,0.008565393519786448,0.029896978852584175,True,0,0
Bulk05_chg0_atom060_axis0,Bulk05_chg0,0,60,0,64,5504,2.374388117823744,3.4552631644290065e-06,3.1824393007763227e-06,5.074534476996612e-05,0.14238576158741487,0.008563566956950167,0.029916650002920313,True,0,0
Bulk05_chg0_atom060_axis1,Bulk05_chg0,0,60,1,64,5504,2.37508402949721,3.394736861956086e-06,2.4383135029831826e-06,4.9841823657284113e-05,0.14238693369845024,0.008567737115174055,0.029947629051381035,True,0,0
Bulk05_chg0_atom060_axis2,Bulk05_chg0,0,60,2,64,5504,2.3743894937137124,4.640789496222983e-06,3.1540696277503467e-06,6.815640815742275e-05,0.14309121914462333,0.008563635973288164,0.029916950158382718,True,0,0
Bulk06_chg0_atom007_axis0,Bulk06_chg0,0,7,0,64,5504,2.2698830311293063,3.0263157182580946e-07,-1.91699470759361e-07,4.64919265221267e-06,0.10484468540217151,0.004177719707371611,0.01621541020607478,True,0,0
Bulk06_chg0_atom007_axis1,Bulk06_chg0,0,7,1,64,5504,2.270889207208168,-1.1052632792622093e-07,-1.8683425692462275e-06,1.697213910751116e-06,0.10484877706961002,0.004180119719384571,0.01623023422680011,True,0,0
Bulk06_chg0_atom007_axis2,Bulk06_chg0,0,7,2,64,5504,2.270465099999409,-3.0486842144595906e-06,-1.3594582481840666e-06,4.6823556641678384e-05,0.10597981485226857,0.004179514447918974,0.01622904750126365,True,0,0
Bulk06_chg0_atom028_axis0,Bulk06_chg0,0,28,0,64,5504,2.268817896420027,7.894739701740897e-08,-3.051373723578785e-08,1.213402718649086e-06,0.10489301236630391,0.0041780571908465155,0.016260228793773996,True,0,0
Bulk06_chg0_atom028_axis1,Bulk06_chg0,0,28,1,64,5504,2.268817873214641,1.0263159491854055e-07,-2.9653323203326118e-08,1.5774232244758003e-06,0.10489302190437255,0.004178057687282696,0.01626022342641495,True,0,0
Bulk06_chg0_atom028_axis2,Bulk06_chg0,0,28,2,64,5504,2.268406948562903,1.413947368172031e-05,2.050391273221066e-05,0.00021735971821993476,0.10606016835048812,0.0041762739314766106,0.01623439729997986,True,0,0
Bulk06_chg0_atom032_axis0,Bulk06_chg0,0,32,0,64,5504,2.375238529198475,-4.552631413377496e-07,-3.963510215084648e-08,6.6837784969066744e-06,0.14236849465807908,0.008565149660385867,0.029897613132274466,True,0,0
Bulk06_chg0_atom032_axis1,Bulk06_chg0,0,32,1,64,5504,2.375238492637372,-4.618420856978015e-07,-4.033286169673536e-08,6.78036495508449e-06,0.14236846123059263,0.008565146923612222,0.02989759185890618,True,0,0
Bulk06_chg0_atom032_axis2,Bulk06_chg0,0,32,2,64,5504,2.3751041907111303,2.3026316899993643e-07,-1.0781248943340298e-06,3.3807152983537433e-06,0.1430676265934854,0.00856420132948671,0.029900668213438047,True,0,0
Bulk06_chg0_atom060_axis0,Bulk06_chg0,0,60,0,64,5504,2.3760510116330504,-3.2092105403523274e-06,-3.578538024702222e-06,4.709873438054524e-05,0.1423474823048029,0.008566680350162566,0.02997761339831509,True,0,0
Bulk06_chg0_atom060_axis1,Bulk06_chg0,0,60,1,64,5504,2.376050947368046,-3.2105263278780465e-06,-3.5779182323441064e-06,4.711804630047585e-05,0.14234746312461466,0.008566678222463259,0.02997761849608076,True,0,0
Bulk06_chg0_atom060_axis2,Bulk06_chg0,0,60,2,64,5504,2.375127181955885,-2.5157894765321112e-06,-2.699253288616151e-06,3.693637014383761e-05,0.1430685114556199,0.008562118037327725,0.029933315848833637,True,0,0
Bulk07_chg0_atom007_axis0,Bulk07_chg0,0,7,0,64,5504,2.2686961799535874,-1.134473691428483e-05,-1.9871427149519233e-05,0.00017437526342177625,0.10493152608345165,0.004177937239773193,0.016242681830925376,True,0,0
Bulk07_chg0_atom007_axis1,Bulk07_chg0,0,7,1,64,5504,2.2688163114190214,-1.3881578979635378e-06,-5.665745352707933e-08,2.1335671696106364e-05,0.10489943877545474,0.004178296249422525,0.016257581607389607,True,0,0
Bulk07_chg0_atom007_axis2,Bulk07_chg0,0,7,2,64,5504,2.2688152245542943,-1.1828947550596744e-06,-1.3351187777271286e-07,1.8180832506225204e-05,0.10601956043194201,0.0041781582224990664,0.016257934333560497,True,0,0
Bulk07_chg0_atom028_axis0,Bulk07_chg0,0,28,0,64,5504,2.269597188342725,2.9776316086021756e-06,4.13270698949663e-08,4.5749775650601106e-05,0.10486662980870506,0.004178458842639693,0.016223939699365905,True,0,0
Bulk07_chg0_atom028_axis1,Bulk07_chg0,0,28,1,64,5504,2.269606789484307,8.526315671275597e-07,5.2756480108428946e-08,1.3100189352275279e-05,0.10488355939475123,0.004180287860921195,0.01622834992840102,True,0,0
Bulk07_chg0_atom028_axis2,Bulk07_chg0,0,28,2,64,5504,2.269608372342915,6.763157973771764e-07,1.607451394804578e-08,1.0391192597316805e-05,0.10600611607451181,0.004180586206934584,0.01622957888206369,True,0,0
Bulk07_chg0_atom032_axis0,Bulk07_chg0,0,32,0,64,5504,2.3751034553984,-5.368420935861937e-07,1.2165339962418205e-06,7.881898127047286e-06,0.14236656514009696,0.008564390097723964,0.02989771317592577,True,0,0
Bulk07_chg0_atom032_axis1,Bulk07_chg0,0,32,1,64,5504,2.3752068155452664,-6.921052489946976e-07,5.339593153481231e-10,1.01610245269337e-05,0.14236583135075803,0.008564814580417177,0.029896573727264217,True,0,0
Bulk07_chg0_atom032_axis2,Bulk07_chg0,0,32,2,64,5504,2.3752119096695283,-3.552631609244671e-07,-4.6616871997133547e-08,5.215723988342703e-06,0.14307237831188194,0.008565159410528983,0.02989661877386664,True,0,0
Bulk07_chg0_atom060_axis0,Bulk07_chg0,0,60,0,64,5504,2.375084321288516,3.3184210218525765e-06,2.862215699865698e-06,4.8721341829342985e-05,0.14238484475502722,0.008567571065751114,0.029944318518238634,True,0,0
Bulk07_chg0_atom060_axis1,Bulk07_chg0,0,60,1,64,5504,2.3744128204653325,-4.238157920984745e-06,-3.4272596003122953e-06,6.224259547493011e-05,0.1423869726717395,0.008563716143542587,0.029915094669712216,True,0,0
Bulk07_chg0_atom060_axis2,Bulk07_chg0,0,60,2,64,5504,2.3744177488686167,-3.951315799093591e-06,-3.476687731993511e-06,5.802984338529774e-05,0.1430946281457006,0.008564012933031816,0.029920094180852175,True,0,0
Bulk08_chg0_atom007_axis0,Bulk08_chg0,0,7,0,64,5504,2.2688031116570437,2.105263129206342e-07,3.736532469352416e-09,3.235760452768565e-06,0.10489594276319857,0.0041778924895661965,0.016260997428999918,True,0,0
Bulk08_chg0_atom007_axis1,Bulk08_chg0,0,7,1,64,5504,2.268274112303569,1.2148684230863326e-05,2.2297006240310894e-05,0.00018676715154339267,0.10495348641415818,0.004178210645093948,0.016239223511595475,True,0,0
Bulk08_chg0_atom007_axis2,Bulk08_chg0,0,7,2,64,5504,2.268802633265929,-3.05263159685715e-07,-2.0560879892785782e-10,4.691853737283594e-06,0.10601863889515241,0.004178115889635148,0.016264234534709862,True,0,0
Bulk08_chg0_atom028_axis0,Bulk08_chg0,0,28,0,64,5504,2.269636974728618,-6.039473553779604e-07,1.2196658021265965e-07,9.279177308524244e-06,0.10489529593682634,0.0041815437334441555,0.01623071570831694,True,0,0
Bulk08_chg0_atom028_axis1,Bulk08_chg0,0,28,1,64,5504,2.268947770327277,-2.825000021887622e-06,-1.532275459175914e-06,4.341709323395191e-05,0.10488488180620796,0.004179547279275197,0.01622480503283441,True,0,0
Bulk08_chg0_atom028_axis2,Bulk08_chg0,0,28,2,64,5504,2.2685301150254515,-3.3289473824544604e-06,-1.3660349906680373e-06,5.117162036289015e-05,0.10600602173401316,0.004177255196775951,0.016215863073930928,True,0,0
Bulk08_chg0_atom032_axis0,Bulk08_chg0,0,32,0,64,5504,2.3752040358494795,-3.750000039148242e-07,-3.35872152455903e-08,5.505504693393548e-06,0.14236520195481883,0.008564771884459532,0.029894089301753985,True,0,0
Bulk08_chg0_atom032_axis1,Bulk08_chg0,0,32,1,64,5504,2.3751132788809857,1.7223684199576073e-06,-1.2192866937970693e-06,2.5287652434592728e-05,0.14237885114022705,0.008565373271251136,0.029901100224570223,True,0,0
Bulk08_chg0_atom032_axis2,Bulk08_chg0,0,32,2,64,5504,2.3752039265925786,8.42105211293792e-08,1.0337002649761073e-07,1.2363238287920653e-06,0.14306749568409302,0.008564607324922015,0.029893497470766306,True,0,0
Bulk08_chg0_atom060_axis0,Bulk08_chg0,0,60,0,64,5504,2.3743190830284227,2.25263159199591e-06,3.742970388952941e-06,3.308398955042987e-05,0.14238137854098115,0.008562918501331784,0.02991863418566553,True,0,0
Bulk08_chg0_atom060_axis1,Bulk08_chg0,0,60,1,64,5504,2.3751179227642205,4.5565789292822956e-06,-2.405510916873724e-06,6.689913588085866e-05,0.1423950827156381,0.008568855727972292,0.029950610558061225,True,0,0
Bulk08_chg0_atom060_axis2,Bulk08_chg0,0,60,2,64,5504,2.3743218851767605,-3.0236842202444485e-06,-3.6648483193675086e-06,4.4408246533069986e-05,0.14308574291000326,0.008562988221001523,0.029917936772108078,True,0,0
Bulk09_chg0_atom007_axis0,Bulk09_chg0,0,7,0,64,5504,2.2688571865955964,-8.078947336617591e-07,-1.981141739724416e-07,1.2416934911039854e-05,0.10490081219725618,0.0041788108265065895,0.016257531610072443,True,0,0
Bulk09_chg0_atom007_axis1,Bulk09_chg0,0,7,1,64,5504,2.268849842041809,-3.710526171231191e-07,-2.168531812363966e-07,5.702910191078787e-06,0.1048973345928824,0.0041782836961354475,0.016256278919938364,True,0,0
Bulk09_chg0_atom007_axis2,Bulk09_chg0,0,7,2,64,5504,2.2684915048491283,-1.3969736854553622e-05,-1.828630433562875e-05,0.00021474242627469683,0.10606255293261001,0.004177695497117807,0.01624859729781747,True,0,0
Bulk09_chg0_atom028_axis0,Bulk09_chg0,0,28,0,64,5504,2.2698767747870066,1.4342105518644052e-06,-3.41157783789129e-07,2.203319203501083e-05,0.10484597714241731,0.004177802095109674,0.016217257986825547,True,0,0
Bulk09_chg0_atom028_axis1,Bulk09_chg0,0,28,1,64,5504,2.2708086742347664,8.131578870368709e-07,1.4721995339180837e-06,1.2487086543057093e-05,0.10485085921712232,0.004180321595378289,0.016231681624623507,True,0,0
Bulk09_chg0_atom028_axis2,Bulk09_chg0,0,28,2,64,5504,2.2704146122696978,2.253947347079744e-06,1.2138070033792423e-06,3.461827159458095e-05,0.10598122578630727,0.004179665332852389,0.01622784221054692,True,0,0
Bulk09_chg0_atom032_axis0,Bulk09_chg0,0,32,0,64,5504,2.3752350305915084,-1.315789533937038e-07,-9.781834847373896e-08,1.9317308933328545e-06,0.14236600956247566,0.00856502328851106,0.02989571298913736,True,0,0
Bulk09_chg0_atom032_axis1,Bulk09_chg0,0,32,1,64,5504,2.375235044277726,-6.828947436070776e-07,-2.5291904545558016e-07,1.002568291884909e-05,0.142366018253992,0.008565024222812342,0.029896844840167386,True,0,0
Bulk09_chg0_atom032_axis2,Bulk09_chg0,0,32,2,64,5504,2.3751115158100546,-1.035526310781614e-06,1.0719556097331666e-06,1.5203511959850324e-05,0.14307428306001302,0.008564817090181554,0.029897789372817465,True,0,0
Bulk09_chg0_atom060_axis0,Bulk09_chg0,0,60,0,64,5504,2.3759912098196465,-3.256578948869566e-06,-3.4622547749711685e-06,4.779512139983667e-05,0.14234611572008904,0.008566336466914102,0.029972144549614506,True,0,0
Bulk09_chg0_atom060_axis1,Bulk09_chg0,0,60,1,64,5504,2.375985870186745,2.052631609666078e-06,3.1124974412323502e-06,3.012547799082135e-05,0.14234501702792007,0.008566229007403692,0.029970884323120117,True,0,0
Bulk09_chg0_atom060_axis2,Bulk09_chg0,0,60,2,64,5504,2.3751242140395177,1.9657894755273207e-06,2.430876552608752e-06,2.8861404780261644e-05,0.14306738413628353,0.008562161428839702,0.029929173546598145,True,0,0
Bulk10_chg0_atom007_axis0,Bulk10_chg0,0,7,0,64,5504,2.269756188375533,-1.3973683887663332e-06,3.6660725682399796e-07,2.1468341400633094e-05,0.10486857986970068,0.004179327443604591,0.016224381709961516,True,0,0
Bulk10_chg0_atom007_axis1,Bulk10_chg0,0,7,1,64,5504,2.269784515299184,-5.3947371014828605e-08,7.393470189874328e-08,8.288051555143772e-07,0.10486785123726787,0.004179610423240496,0.016219989580445383,True,0,0
Bulk10_chg0_atom007_axis2,Bulk10_chg0,0,7,2,64,5504,2.2697832728167295,-5.315789379672628e-07,5.2466433884573895e-08,8.166766929209161e-06,0.10599032050310353,0.004179516923875097,0.016219139466748425,True,0,0
Bulk10_chg0_atom028_axis0,Bulk10_chg0,0,28,0,64,5504,2.2697596801684106,-3.2144736859675645e-06,3.4201749930719717e-07,4.9385196419609285e-05,0.10486931845555764,0.004179478491217812,0.016226366002994933,True,0,0
Bulk10_chg0_atom028_axis1,Bulk10_chg0,0,28,1,64,5504,2.269788356592871,-7.381579061678011e-07,1.5541563951021697e-08,1.1340460736844472e-05,0.10486428607559446,0.004179227539822693,0.016219426363118385,True,0,0
Bulk10_chg0_atom028_axis2,Bulk10_chg0,0,28,2,64,5504,2.2697881026927487,7.578947354147658e-07,3.3184310585996875e-08,1.1643682712391601e-05,0.1059875879992638,0.004179281170516671,0.016219268516196234,True,0,0
Bulk10_chg0_atom032_axis0,Bulk10_chg0,0,32,0,64,5504,2.3723617308504594,1.4156578901604104e-05,1.3740297027089055e-05,0.00020808663709553658,0.14249304998709564,0.008560561491327423,0.029891849936623322,True,0,0
Bulk10_chg0_atom032_axis1,Bulk10_chg0,0,32,1,64,5504,2.372974764624561,6.052631487002122e-07,5.172158432537608e-08,8.89442547392912e-06,0.14246534235729005,0.008562091749030686,0.02997328439041188,True,0,0
Bulk10_chg0_atom032_axis2,Bulk10_chg0,0,32,2,64,5504,2.372978300036757,-7.355263152226442e-07,1.287884370497613e-08,1.0808644574021388e-05,0.14317274628584753,0.00856240720677782,0.029973550233989954,True,0,0
Bulk10_chg0_atom060_axis0,Bulk10_chg0,0,60,0,64,5504,2.3751067915796398,4.447368299129027e-07,-1.4178426524717562e-06,6.529602474915841e-06,0.14237519346734065,0.008565106068263391,0.029901094710160243,True,0,0
Bulk10_chg0_atom060_axis1,Bulk10_chg0,0,60,1,64,5504,2.375219702608864,6.368421183149047e-07,6.780272418949879e-08,9.349637622746398e-06,0.14237151388877434,0.00856538430917418,0.029895962853180736,True,0,0
Bulk10_chg0_atom060_axis2,Bulk10_chg0,0,60,2,64,5504,2.3752175865707765,-8.157894832176058e-07,4.054409901956208e-08,1.197681908942991e-05,0.14307330479080585,0.008565191664132107,0.029894197604766016,True,0,0
Bulk11_chg0_atom007_axis0,Bulk11_chg0,0,7,0,64,5504,2.2698364739606753,1.5806579019801192e-05,8.043565991980067e-07,0.000242834341172358,0.10491457979549693,0.004184819629010415,0.0162687553828092,True,0,0
Bulk11_chg0_atom007_axis1,Bulk11_chg0,0,7,1,64,5504,2.2699556773302896,-1.1952631625508491e-05,-9.926436889772385e-07,0.00018361702436845939,0.10487609549343466,0.00418263257353287,0.01625131300993656,True,0,0
Bulk11_chg0_atom007_axis2,Bulk11_chg0,0,7,2,64,5504,2.269830077639583,-1.6640789597563287e-05,-8.431766266302954e-07,0.00025565092615895406,0.10603547257165304,0.004184631124924282,0.016270513168389077,True,0,0
Bulk11_chg0_atom028_axis0,Bulk11_chg0,0,28,0,64,5504,2.2697663650556286,1.3861842139823765e-05,-8.335498985781399e-07,0.000212964188699041,0.10491287348117684,0.004184150550421311,0.016268018277754124,True,0,0
Bulk11_chg0_atom028_axis1,Bulk11_chg0,0,28,1,64,5504,2.269769181533063,2.7513157850702747e-06,-2.42357065603378e-07,4.226934638627671e-05,0.10486939282315971,0.004179674982213208,0.016227347469937644,True,0,0
Bulk11_chg0_atom028_axis2,Bulk11_chg0,0,28,2,64,5504,2.2697692301703083,1.4559210485817619e-05,-8.496642103345281e-07,0.00022367781309875261,0.10603678434691628,0.004184478541776898,0.016270362980369674,True,0,0
Bulk11_chg0_atom032_axis0,Bulk11_chg0,0,32,0,64,5504,2.3725321689287004,-4.81578937008988e-07,1.5168895280484596e-08,7.078189108669582e-06,0.14247780881370645,0.00856106626500006,0.029967644791069784,True,0,0
Bulk11_chg0_atom032_axis1,Bulk11_chg0,0,32,1,64,5504,2.3721556055649233,-1.1319736825642299e-05,-1.3329445025920162e-05,0.00016640253708381865,0.14249479848775892,0.008559845185903968,0.029889189393112536,True,0,0
Bulk11_chg0_atom032_axis2,Bulk11_chg0,0,32,2,64,5504,2.372537134364549,1.9473684606384122e-07,2.2722785185673618e-08,2.8622126761475363e-06,0.1431859720011297,0.008561441300044872,0.02996778686677939,True,0,0
Bulk11_chg0_atom060_axis0,Bulk11_chg0,0,60,0,64,5504,2.3752379250847944,-4.35526307883624e-07,3.7788009830605485e-10,6.394021056228552e-06,0.1423690464510899,0.008565181490098479,0.029895655075578315,True,0,0
Bulk11_chg0_atom060_axis1,Bulk11_chg0,0,60,1,64,5504,2.37535593923513,2.0394737594648703e-07,1.3289933679836124e-06,2.9940304503157215e-06,0.1423689218561133,0.008565860221727142,0.029898760644228833,True,0,0
Bulk11_chg0_atom060_axis2,Bulk11_chg0,0,60,2,64,5504,2.375241565588415,-3.381578888718794e-07,-8.335427590831172e-09,4.964534423473442e-06,0.14307530363286772,0.008565454771036698,0.029896781902368132,True,0,0
Bulk12_chg0_atom007_axis0,Bulk12_chg0,0,7,0,64,5504,2.2697333852093435,1.5394736068386513e-07,4.4938686012181315e-08,2.365179953623083e-06,0.10487304361707298,0.004179700043130707,0.016219991957768798,True,0,0
Bulk12_chg0_atom007_axis1,Bulk12_chg0,0,7,1,64,5504,2.2697303187920115,4.1052631909104476e-07,1.1081757635516185e-07,6.307155431695403e-06,0.10487395818566549,0.00417995685243232,0.016219715796116935,True,0,0
Bulk12_chg0_atom007_axis2,Bulk12_chg0,0,7,2,64,5504,2.2697005935862857,-2.142105283329137e-06,2.4723820246074974e-07,3.29108446562207e-05,0.10599545193658971,0.004179611104641319,0.016223328874299402,True,0,0
Bulk12_chg0_atom028_axis0,Bulk12_chg0,0,28,0,64,5504,2.2697927269075358,1.2499999472930468e-07,1.2393004867355842e-07,1.9203950687092035e-06,0.1048652383359144,0.004179236270308716,0.016219229008512276,True,0,0
Bulk12_chg0_atom028_axis1,Bulk12_chg0,0,28,1,64,5504,2.269792722302121,1.2763156875232533e-07,1.236800760023339e-07,1.960824368606462e-06,0.10486522417810419,0.004179234400240309,0.016219229008512276,True,0,0
Bulk12_chg0_atom028_axis2,Bulk12_chg0,0,28,2,64,5504,2.269766141675503,-2.485526340908893e-06,3.300559343319057e-07,3.818598909412825e-05,0.10599274030439143,0.004179633196800047,0.01622590528016812,True,0,0
Bulk12_chg0_atom032_axis0,Bulk12_chg0,0,32,0,64,5504,2.372736613026741,-3.0526315416965956e-07,5.447790686402207e-08,4.486334413711941e-06,0.14248029926595723,0.008562302263012465,0.02998007096252159,True,0,0
Bulk12_chg0_atom032_axis1,Bulk12_chg0,0,32,1,64,5504,2.3727366234221194,-2.999999992051758e-07,5.4846346216183214e-08,4.4089838431764425e-06,0.14248028629355464,0.00856230157918915,0.0299800683156048,True,0,0
Bulk12_chg0_atom032_axis2,Bulk12_chg0,0,32,2,64,5504,2.3726333599481584,1.4332894714267529e-05,1.6547691042545943e-05,0.00021065417247362827,0.1431986179697327,0.008561303031453244,0.029893671039884027,True,0,0
Bulk12_chg0_atom060_axis0,Bulk12_chg0,0,60,0,64,5504,2.375216409769025,3.6973684044252617e-07,7.164027246040969e-08,5.428206092091513e-06,0.14236901278367314,0.008565143139173552,0.029894515700442225,True,0,0
Bulk12_chg0_atom060_axis1,Bulk12_chg0,0,60,1,64,5504,2.375216408545962,3.750000060651509e-07,7.279648108583303e-08,5.505476046338966e-06,0.1423690094048149,0.008565142564604382,0.029894515700442225,True,0,0
Bulk12_chg0_atom060_axis2,Bulk12_chg0,0,60,2,64,5504,2.375096026254743,-1.0223684033630171e-06,-1.525161831945085e-06,1.50104265396146e-05,0.14307213250007944,0.00856452654138926,0.029898736699435272,True,0,0
Bulk13_chg0_atom007_axis0,Bulk13_chg0,0,7,0,64,5504,2.269801871526788,3.065789479126274e-06,-5.918985767217738e-07,4.710002820710571e-05,0.10486734078144958,0.004179742564254895,0.01622584750140576,True,0,0
Bulk13_chg0_atom007_axis1,Bulk13_chg0,0,7,1,64,5504,2.269790491961857,8.868420933756744e-07,1.1270617697312413e-07,1.3624711452769932e-05,0.10486523465126112,0.004179501834194009,0.01622047127028437,True,0,0
Bulk13_chg0_atom007_axis2,Bulk13_chg0,0,7,2,64,5504,2.2697898100870963,1.5381579024277338e-06,2.7734254927146384e-07,2.363099816941628e-05,0.1059869641609514,0.0041794395757020755,0.01622003930816917,True,0,0
Bulk13_chg0_atom028_axis0,Bulk13_chg0,0,28,0,64,5504,2.2697956301519646,8.118421030638656e-07,-5.42271125400894e-07,1.2472445143019335e-05,0.10486710865426203,0.004179678597225303,0.016222276455281598,True,0,0
Bulk13_chg0_atom028_axis1,Bulk13_chg0,0,28,1,64,5504,2.2697948812166215,-1.9342105059126282e-07,8.141666670377244e-08,2.971555958849904e-06,0.1048708577943963,0.004179936839734805,0.016222544639420352,True,0,0
Bulk13_chg0_atom028_axis2,Bulk13_chg0,0,28,2,64,5504,2.269793653365901,-4.1973683794157965e-07,2.459364558320568e-07,6.4484820697442195e-06,0.10599215855449155,0.004179771953144696,0.016220252458496315,True,0,0
Bulk13_chg0_atom032_axis0,Bulk13_chg0,0,32,0,64,5504,2.375325751411532,2.1421052635087347e-06,2.151041297573583e-06,3.144737639294323e-05,0.14236282844687226,0.008566767151811686,0.029939076029940656,True,0,0
Bulk13_chg0_atom032_axis1,Bulk13_chg0,0,32,1,64,5504,2.374614795712897,2.2328947400302766e-06,3.0308883470016486e-06,3.279003412571094e-05,0.1423679189222396,0.008563010272368754,0.029911979003564307,True,0,0
Bulk13_chg0_atom032_axis2,Bulk13_chg0,0,32,2,64,5504,2.3746164000475525,2.085526323239001e-06,3.2227055887761448e-06,3.062590989234541e-05,0.14307226949930496,0.008563006339007171,0.029912871235099277,True,0,0
Bulk13_chg0_atom060_axis0,Bulk13_chg0,0,60,0,64,5504,2.3753443323148185,-9.131578932540737e-07,7.236031230287328e-07,1.3405594875794938e-05,0.1423618139458012,0.008565223300549374,0.02990247644974213,True,0,0
Bulk13_chg0_atom060_axis1,Bulk13_chg0,0,60,1,64,5504,2.375307876125357,-3.157895699320976e-08,5.210277394918734e-08,4.636013163913879e-07,0.14236237215868597,0.00856511145714582,0.02989474478128709,True,0,0
Bulk13_chg0_atom060_axis2,Bulk13_chg0,0,60,2,64,5504,2.3753074407325045,8.02631586270165e-07,2.843117105894412e-07,1.178319880096529e-05,0.14306520657967925,0.008564992397895108,0.029893815909561357,True,0,0
Bulk14_chg0_atom007_axis0,Bulk14_chg0,0,7,0,64,5504,2.2697630547375387,3.6842105263632987e-07,-2.3046509647473674e-07,5.660186013734685e-06,0.10486908230880038,0.004179635540592979,0.016221552768624144,True,0,0
Bulk14_chg0_atom007_axis1,Bulk14_chg0,0,7,1,64,5504,2.2697424558920845,-3.9802631764542325e-06,-7.714112996335014e-08,6.115077914614323e-05,0.10487184366937286,0.004179728853626454,0.016227147272346837,True,0,0
Bulk14_chg0_atom007_axis2,Bulk14_chg0,0,7,2,64,5504,2.26976950033844,6.355263223748639e-07,-6.8092930288434e-08,9.763793247830767e-06,0.10598630956888376,0.004179160273606518,0.016219144638039563,True,0,0
Bulk14_chg0_atom028_axis0,Bulk14_chg0,0,28,0,64,5504,2.269764537345341,8.97368431071904e-07,-1.6800964424661254e-07,1.378658708181567e-05,0.10486882361187529,0.004179617060550935,0.01622002628190737,True,0,0
Bulk14_chg0_atom028_axis1,Bulk14_chg0,0,28,1,64,5504,2.2697312654656803,-2.413157874882113e-06,2.5181512820257777e-07,3.707473733640402e-05,0.10486896737060798,0.004179427415852868,0.01622579489393454,True,0,0
Bulk14_chg0_atom028_axis2,Bulk14_chg0,0,28,2,64,5504,2.269766056294281,4.6315788547103336e-07,-1.1163305120059144e-07,7.115652865012163e-06,0.10599216419709975,0.0041798997710668535,0.01622099444074066,True,0,0
Bulk14_chg0_atom032_axis0,Bulk14_chg0,0,32,0,64,5504,2.3760459351161485,-2.7486841946860726e-06,-3.590456411125837e-06,4.034008418867841e-05,0.142351012492182,0.008566622654466385,0.02997653443660391,True,0,0
Bulk14_chg0_atom032_axis1,Bulk14_chg0,0,32,1,64,5504,2.375138424093005,-2.539473673311333e-06,-2.9114242548506242e-06,3.7283920800441485e-05,0.14236317320114625,0.008562275806325756,0.029935731405490322,True,0,0
Bulk14_chg0_atom032_axis2,Bulk14_chg0,0,32,2,64,5504,2.376047056894389,-3.843421074640518e-06,-3.548189599858573e-06,5.640657330660657e-05,0.14305316694556638,0.008566522440481051,0.029975726661321363,True,0,0
Bulk14_chg0_atom060_axis0,Bulk14_chg0,0,60,0,64,5504,2.3752396204956967,-1.011842111197618e-06,-2.048892845879849e-07,1.485498127084565e-05,0.14237561175140007,0.008565759242847332,0.029896131716668606,True,0,0
Bulk14_chg0_atom060_axis1,Bulk14_chg0,0,60,1,64,5504,2.3751033138202176,-7.684210572172764e-07,-1.3114816736257777e-06,1.1281933598455096e-05,0.14236972349579938,0.008564707463473075,0.02989720545807167,True,0,0
Bulk14_chg0_atom060_axis2,Bulk14_chg0,0,60,2,64,5504,2.375242687260803,-1.052631577411639e-06,-1.4089536776450444e-07,1.5453796600493132e-05,0.14308215589229129,0.008566041442272677,0.029896705215306657,True,0,0
Bulk15_chg0_atom007_axis0,Bulk15_chg0,0,7,0,64,5504,2.26978753876994,8.197368308359681e-07,-8.503479060363573e-08,1.2593777857635675e-05,0.10486745265678135,0.004179526346244953,0.016220323716927516,True,0,0
Bulk15_chg0_atom007_axis1,Bulk15_chg0,0,7,1,64,5504,2.2697717211864745,-5.197368455611695e-07,-3.018935456620996e-07,7.984874834378544e-06,0.10487200780395145,0.0041799446761347225,0.016222871092491244,True,0,0
Bulk15_chg0_atom007_axis2,Bulk15_chg0,0,7,2,64,5504,2.2697745708264128,3.553947332634559e-06,-1.102789922800643e-07,5.460030250662181e-05,0.10599134264060248,0.004179353367802907,0.016225228968419526,True,0,0
Bulk15_chg0_atom028_axis0,Bulk15_chg0,0,28,0,64,5504,2.2697925728916863,-4.710526276409754e-07,-7.65703629448933e-08,7.236857941994112e-06,0.1048682242761788,0.004179619624365355,0.016221247368345137,True,0,0
Bulk15_chg0_atom028_axis1,Bulk15_chg0,0,28,1,64,5504,2.269792600965169,-4.736842011030412e-07,-7.75151898837921e-08,7.277287142030432e-06,0.10486823975406317,0.004179621028079441,0.016221252637670228,True,0,0
Bulk15_chg0_atom028_axis2,Bulk15_chg0,0,28,2,64,5504,2.269793964506027,2.0763157903645967e-06,-3.480957740504038e-07,3.1898756791510635e-05,0.10599023538931507,0.004179713965855147,0.016223433917682422,True,0,0
Bulk15_chg0_atom032_axis0,Bulk15_chg0,0,32,0,64,5504,2.3746611780994185,1.8052631739426249e-06,2.642522473610999e-06,2.6509751586571638e-05,0.1423788494278083,0.008563764942984203,0.02991166845650265,True,0,0
Bulk15_chg0_atom032_axis1,Bulk15_chg0,0,32,1,64,5504,2.374661179895981,1.8026315973953078e-06,2.6434238638484066e-06,2.6471107649382245e-05,0.14237884635044942,0.008563764195015157,0.02991165779531002,True,0,0
Bulk15_chg0_atom032_axis2,Bulk15_chg0,0,32,2,64,5504,2.37533691091717,2.2381578714346594e-06,2.2245812601842966e-06,3.2857331308026736e-05,0.1430735462536419,0.008567485130616958,0.029936292208731174,True,0,0
Bulk15_chg0_atom060_axis0,Bulk15_chg0,0,60,0,64,5504,2.375309416197308,-2.763158403838947e-08,-1.5954558976304795e-07,4.056508399351588e-07,0.14236345540617082,0.008565185861350536,0.029897892161419515,True,0,0
Bulk15_chg0_atom060_axis1,Bulk15_chg0,0,60,1,64,5504,2.375309359593633,-2.763158459934426e-08,-1.5892354789478385e-07,4.056508578370334e-07,0.1423634388493301,0.008565183681104193,0.029897873731035935,True,0,0
Bulk15_chg0_atom060_axis2,Bulk15_chg0,0,60,2,64,5504,2.3753399882081982,-1.684210518884823e-07,8.292884255616342e-07,2.4725061634667114e-06,0.14306314239801166,0.008564974046602683,0.029899966045233765,True,0,0
Bulk16_chg0_atom007_axis0,Bulk16_chg0,0,7,0,64,5504,2.269127905603817,-3.703947386743254e-06,-1.520924923471633e-06,5.692101290943907e-05,0.10487754102795657,0.0041793311550771305,0.016224658055427044,True,0,0
Bulk16_chg0_atom007_axis1,Bulk16_chg0,0,7,1,64,5504,2.2696606515726474,-3.4868421787330973e-07,1.668987792354963e-07,5.357203572663259e-06,0.10489335410511869,0.004181629335895146,0.016232357936372097,True,0,0
Bulk16_chg0_atom007_axis2,Bulk16_chg0,0,7,2,64,5504,2.2687600570265034,-8.184210481718574e-07,-1.5473723647904816e-06,1.2579257577104236e-05,0.1060120965780411,0.0041790116516948386,0.016222068353703146,True,0,0
Bulk16_chg0_atom028_axis0,Bulk16_chg0,0,28,0,64,5504,2.269814336829267,-2.0065789403389545e-06,-5.138975155945323e-08,3.082710222155878e-05,0.10487220897201328,0.00418016800240616,0.016227057889888163,True,0,0
Bulk16_chg0_atom028_axis1,Bulk16_chg0,0,28,1,64,5504,2.269777984460782,3.421052702410215e-07,1.7400888095639715e-07,5.25585255031026e-06,0.10486895457054439,0.00417952487115382,0.016220426162410723,True,0,0
Bulk16_chg0_atom028_axis2,Bulk16_chg0,0,28,2,64,5504,2.2697661081546676,4.723684146992319e-07,6.624464164939553e-08,7.257157207157167e-06,0.10599377883800534,0.004179662402460012,0.016221491914046437,True,0,0
Bulk16_chg0_atom032_axis0,Bulk16_chg0,0,32,0,64,5504,2.3753216541574127,5.184210497146213e-07,-1.2108176112384482e-06,7.6107417686533035e-06,0.14235633413785925,0.008564646255209342,0.029897879049378007,True,0,0
Bulk16_chg0_atom032_axis1,Bulk16_chg0,0,32,1,64,5504,2.3751732062228834,1.0657894496770687e-07,9.40716741140886e-08,1.564742644978533e-06,0.14235865704907108,0.008564203163818165,0.02989341855343235,True,0,0
Bulk16_chg0_atom032_axis2,Bulk16_chg0,0,32,2,64,5504,2.3751760550563943,9.065789281386946e-07,4.169756514930175e-08,1.3309955440776508e-05,0.14305943256448964,0.008563939511503388,0.029894194614730384,True,0,0
Bulk16_chg0_atom060_axis0,Bulk16_chg0,0,60,0,64,5504,2.3754005054060614,-4.1710525915044334e-07,-1.2045569864516277e-06,6.123160012194505e-06,0.1423612041658879,0.00856538994920099,0.029900518466571446,True,0,0
Bulk16_chg0_atom060_axis1,Bulk16_chg0,0,60,1,64,5504,2.375243532122727,-5.263158535895895e-08,-2.715495248018949e-07,7.726896504393748e-07,0.14235929276000833,0.008564474005983213,0.029893679152193823,True,0,0
Bulk16_chg0_atom060_axis2,Bulk16_chg0,0,60,2,64,5504,2.3751103921728474,-1.5789474813001756e-07,-1.3919783117079037e-07,2.3181987770595127e-06,0.14307316324084474,0.008564716704349593,0.02989386044148552,True,0,0
Bulk17_chg0_atom007_axis0,Bulk17_chg0,0,7,0,64,5504,2.2696180723821544,-2.1184211372228316e-07,1.5653184101246313e-07,3.2548149909021457e-06,0.10488675836136707,0.0041806422654406305,0.01622917102404723,True,0,0
Bulk17_chg0_atom007_axis1,Bulk17_chg0,0,7,1,64,5504,2.2695955334696634,4.089473680766643e-06,-3.365527438257348e-07,6.283270210522515e-05,0.10486532484576126,0.004178248823610415,0.01622182646717288,True,0,0
Bulk17_chg0_atom007_axis2,Bulk17_chg0,0,7,2,64,5504,2.269614229546159,1.140789445130963e-06,2.1336193277029337e-08,1.7527510507996926e-05,0.10600720599486264,0.004180580709616952,0.016228991854739815,True,0,0
Bulk17_chg0_atom028_axis0,Bulk17_chg0,0,28,0,64,5504,2.2697499526783314,7.999999872846561e-07,-1.1279441937173161e-07,1.2290760381927706e-05,0.10487409862165352,0.0041798574704005696,0.01622150783230992,True,0,0
Bulk17_chg0_atom028_axis1,Bulk17_chg0,0,28,1,64,5504,2.269725787482046,3.7644736727615007e-06,-3.1027668592021007e-07,5.783592152209826e-05,0.10487425129428302,0.004179882234017402,0.01622660274274255,True,0,0
Bulk17_chg0_atom028_axis2,Bulk17_chg0,0,28,2,64,5504,2.2697665821301882,-2.2236841533042122e-07,-8.22003936293301e-08,3.4163211610981108e-06,0.1059950077980582,0.004179880001678109,0.01622273166369843,True,0,0
Bulk17_chg0_atom032_axis0,Bulk17_chg0,0,32,0,64,5504,2.3752639107154128,-6.210526255606988e-07,2.5655202938630606e-08,9.117658450422313e-06,0.1423725055141495,0.008565616725678453,0.02989728388523585,True,0,0
Bulk17_chg0_atom032_axis1,Bulk17_chg0,0,32,1,64,5504,2.375127246052591,1.894736905384027e-07,8.847794704962188e-07,2.7818186866045787e-06,0.14236727585173684,0.00856455315679837,0.029900131624584134,True,0,0
Bulk17_chg0_atom032_axis2,Bulk17_chg0,0,32,2,64,5504,2.375258787979189,-2.18421050228968e-07,-6.220636436071302e-08,3.206641027608095e-06,0.14307332261643557,0.008565279463112281,0.029896158014277096,True,0,0
Bulk17_chg0_atom060_axis0,Bulk17_chg0,0,60,0,64,5504,2.3752050871721186,-1.0618420964491587e-06,3.0921921730748744e-07,1.5589263992120616e-05,0.14236243950020605,0.008564573957570563,0.029894068420521523,True,0,0
Bulk17_chg0_atom060_axis1,Bulk17_chg0,0,60,1,64,5504,2.3750327016806487,-2.8684209253451867e-07,7.283808167607452e-07,4.2115317173593326e-06,0.14236308793668562,0.008563842460239095,0.029894444968943532,True,0,0
Bulk17_chg0_atom060_axis2,Bulk17_chg0,0,60,2,64,5504,2.3753383306332116,1.4210527192397805e-07,1.4174961515662056e-07,2.0861786691106492e-06,0.14305616716321667,0.008564347771604539,0.029893281379420506,True,0,0
Bulk18_chg0_atom007_axis0,Bulk18_chg0,0,7,0,64,5504,2.2686346665188513,4.67105246832788e-07,-1.7838396346959106e-06,7.179876414622625e-06,0.1048892548247544,0.004178680383940127,0.016222155076990787,True,0,0
Bulk18_chg0_atom007_axis1,Bulk18_chg0,0,7,1,64,5504,2.2696398652589966,-1.218421057427427e-06,1.7585597353453935e-07,1.872005983434581e-05,0.10489673546301125,0.004181810097278401,0.016233194545891724,True,0,0
Bulk18_chg0_atom007_axis2,Bulk18_chg0,0,7,2,64,5504,2.2689856450062784,-3.3263157899199314e-06,-1.507324051575115e-06,5.1120902997249354e-05,0.10600715527523508,0.004179670986170331,0.01622418945312108,True,0,0
Bulk18_chg0_atom028_axis0,Bulk18_chg0,0,28,0,64,5504,2.269754247883944,7.631578956148277e-07,3.058783448755967e-08,1.1724716534581543e-05,0.10487310290004058,0.004179785216636984,0.016220650268032363,True,0,0
Bulk18_chg0_atom028_axis1,Bulk18_chg0,0,28,1,64,5504,2.2697542768254007,7.526315804502821e-07,2.981126421159e-08,1.1562996168866587e-05,0.1048731107921313,0.004179785472379553,0.01622065808624029,True,0,0
Bulk18_chg0_atom028_axis2,Bulk18_chg0,0,28,2,64,5504,2.2697278827913188,-2.8197368822559022e-06,3.907153074937771e-07,4.332130987266184e-05,0.1059965710116022,0.004179818848193722,0.016229671107507067,True,0,0
Bulk18_chg0_atom032_axis0,Bulk18_chg0,0,32,0,64,5504,2.375249623267411,-1.631578941192246e-06,-7.533004853276307e-08,2.395331472835407e-05,0.1423717008901682,0.0085654072588704,0.029897039118958146,True,0,0
Bulk18_chg0_atom032_axis1,Bulk18_chg0,0,32,1,64,5504,2.3752496081757974,-1.6315789342738036e-06,-7.446663698537246e-08,2.3953314778976054e-05,0.14237169175301406,0.00856540640185158,0.02989703657007531,True,0,0
Bulk18_chg0_atom032_axis2,Bulk18_chg0,0,32,2,64,5504,2.375143922602307,8.105262968396537e-07,-1.351150538470979e-06,1.1899917930481943e-05,0.14308295664735246,0.008565613094279874,0.029910379260974496,True,0,0
Bulk18_chg0_atom060_axis0,Bulk18_chg0,0,60,0,64,5504,2.3751330194698395,-2.684210461386496e-07,-2.7603282132249163e-07,3.940899999610147e-06,0.14237572897443204,0.008565337669891987,0.02989645520421235,True,0,0
Bulk18_chg0_atom060_axis1,Bulk18_chg0,0,60,1,64,5504,2.3751330233094166,-2.644736794478245e-07,-2.7623359904446797e-07,3.8829456055750565e-06,0.14237573277544258,0.00856533781856596,0.029896452753363473,True,0,0
Bulk18_chg0_atom060_axis2,Bulk18_chg0,0,60,2,64,5504,2.374610820448955,1.373684189930277e-06,-2.123597016959395e-06,2.0172570638294453e-05,0.14310433609845433,0.008564911720591062,0.029899270861948792,True,0,0
Bulk19_chg0_atom007_axis0,Bulk19_chg0,0,7,0,64,5504,2.270479606442971,4.3421052634142286e-07,1.4025074136503606e-06,6.6688282041309155e-06,0.10485909040588758,0.004179710228289733,0.01622901315261659,True,0,0
Bulk19_chg0_atom007_axis1,Bulk19_chg0,0,7,1,64,5504,2.2709026380609694,1.9605263251439674e-06,1.8588014426411047e-06,3.0105160773429096e-05,0.10485033795434186,0.0041805291678973025,0.0162316474842986,True,0,0
Bulk19_chg0_atom007_axis2,Bulk19_chg0,0,7,2,64,5504,2.269880870281731,4.842105377708537e-07,-2.376242147815192e-07,7.438715675959405e-06,0.10596755422574289,0.004177772745817112,0.016216228961160307,True,0,0
Bulk19_chg0_atom028_axis0,Bulk19_chg0,0,28,0,64,5504,2.2697201452142033,4.188157893287625e-06,-1.2297790710338115e-07,6.434540242302899e-05,0.10487334994700817,0.004179721522807826,0.016227405260954248,True,0,0
Bulk19_chg0_atom028_axis1,Bulk19_chg0,0,28,1,64,5504,2.2697608025864535,2.0407894547135262e-06,7.820375840186613e-08,3.1353418344357585e-05,0.10486856396809084,0.004179482510549226,0.01621990529575238,True,0,0
Bulk19_chg0_atom028_axis2,Bulk19_chg0,0,28,2,64,5504,2.2697470986104307,6.368420994294268e-07,-2.8642786536148157e-07,9.78410451492015e-06,0.10599490042407538,0.004179800774787488,0.016222236935343397,True,0,0
Bulk19_chg0_atom032_axis0,Bulk19_chg0,0,32,0,64,5504,2.3751418329994873,-2.4473687376096105e-07,1.098267998971697e-06,3.5931607474064663e-06,0.14237643928363428,0.008565341144703633,0.02990141040400455,True,0,0
Bulk19_chg0_atom032_axis1,Bulk19_chg0,0,32,1,64,5504,2.3752648878445375,4.684210470734821e-07,9.3433616159635e-08,6.876875139845723e-06,0.14237294865272304,0.008565639210680336,0.029897779177286123,True,0,0
Bulk19_chg0_atom032_axis2,Bulk19_chg0,0,32,2,64,5504,2.3752725337852953,6.631578844425241e-07,-2.0591868944773266e-07,9.735769384881798e-06,0.14307602357881272,0.00856560185914177,0.029898023673970448,True,0,0
Bulk19_chg0_atom060_axis0,Bulk19_chg0,0,60,0,64,5504,2.375031298334779,-8.460526309013523e-07,1.0113923914916757e-06,1.2422094552106e-05,0.14236575224188638,0.008564126652823332,0.02989702902146076,True,0,0
Bulk19_chg0_atom060_axis1,Bulk19_chg0,0,60,1,64,5504,2.375358695877561,8.092105119317239e-07,2.78459600348759e-07,1.1879525737928428e-05,0.1423553921388457,0.008564720726174741,0.02989528923736591,True,0,0
Bulk19_chg0_atom060_axis2,Bulk19_chg0,0,60,2,64,5504,2.3752093750733394,9.065789354311068e-07,2.2122233147089812e-07,1.3309768832534569e-05,0.14307001068170466,0.008564958573170217,0.02989279478788376,True,0,0
Perf_chg0_atom007_axis0,Perf_chg0,0,7,0,64,5504,2.2698130077548013,-9.342105839792972e-08,7.2255114962245254e-09,1.4352299554683918e-06,0.10486795726067162,0.0041797027501036515,0.016219223371559854,True,0,0
Perf_chg0_atom007_axis1,Perf_chg0,0,7,1,64,5504,2.26980765618301,3.4999999576930467e-07,2.8993512874197537e-08,5.377070987111184e-06,0.10486715162896573,0.004179589668603033,0.016220952310648403,True,0,0
Perf_chg0_atom007_axis2,Perf_chg0,0,7,2,64,5504,2.2698065581211946,-1.1065789538490304e-06,1.0588388595732511e-07,1.700044725174977e-05,0.10598914662069614,0.004179436611755059,0.0162196448317876,True,0,0
Perf_chg0_atom028_axis0,Perf_chg0,0,28,0,64,5504,2.2698147487753344,-4.736843628450061e-08,-2.318635815802745e-08,7.277218618447534e-07,0.1048664995520721,0.004179557775621317,0.016220068240440207,True,0,0
Perf_chg0_atom028_axis1,Perf_chg0,0,28,1,64,5504,2.2698147312459658,-5.526317359283439e-08,-2.186757452016808e-08,8.490088135370633e-07,0.10486651584670935,0.0041795585764141715,0.0162200629956236,True,0,0
Perf_chg0_atom028_axis2,Perf_chg0,0,28,2,64,5504,2.2698173149399365,1.2355263263947634e-06,9.728004605365079e-08,1.8981384496069315e-05,0.10599004579896747,0.004179966796543046,0.01622168700161733,True,0,0
Perf_chg0_atom032_axis0,Perf_chg0,0,32,0,64,5504,2.375441035716201,2.999999949045224e-07,3.766749824942253e-08,4.403964202655158e-06,0.14236135247006593,0.008565636706514376,0.029896981695568876,True,0,0
Perf_chg0_atom032_axis1,Perf_chg0,0,32,1,64,5504,2.375441071611081,2.9605264130264244e-07,3.861547960922916e-08,4.3460174561393464e-06,0.1423613814916061,0.00856563902055482,0.02989699473408492,True,0,0
Perf_chg0_atom032_axis2,Perf_chg0,0,32,2,64,5504,2.3754424143654345,1.5894736935295167e-06,1.258218590894809e-07,2.3333271012127868e-05,0.14306425051087482,0.008565589597816363,0.02989671602355022,True,0,0
Perf_chg0_atom060_axis0,Perf_chg0,0,60,0,64,5504,2.375428017932268,-3.236842163657553e-07,-8.209107461073367e-09,4.75167179339959e-06,0.14235674340855414,0.008565217413777823,0.029896452728854984,True,0,0
Perf_chg0_atom060_axis1,Perf_chg0,0,60,1,64,5504,2.3754280362677687,-3.1315788736432485e-07,-8.786145296718877e-09,4.597145654771294e-06,0.14235673598128737,0.00856521717278614,0.029896444886138563,True,0,0
Perf_chg0_atom060_axis2,Perf_chg0,0,60,2,64,5504,2.3754314111708497,7.223684318316109e-07,7.183545888851933e-08,1.060432552857734e-05,0.14306325791609834,0.008565508548795932,0.02989525276873457,True,0,0
