epoch,lam,joint_train_h,joint_val_h,joint_train_d,joint_val_d,honly_train_h
1,0.1,0.0024805814415837326,0.0016333981766365469,0.7149782023496098,0.7030748277902603,0.0023599994116617986
2,0.1,0.0012122532934881747,,0.6948175119856993,,0.0010351232873896758
3,0.1,0.0008393258904106915,,0.6761309951543807,,0.0007175506956021612
4,0.1,0.0007126191000376517,,0.6574324286646314,,0.0006412405515826928
5,0.1,0.0006701366316216687,0.0006746142171323299,0.6383507918152544,0.6279605031013489,0.0006530119717353955
6,0.1,0.0006479556274522716,,0.6190419706205527,,0.0006415194244861292
7,0.1,0.0006328897191754853,,0.5992686678138045,,0.0006449664603375519
8,0.1,0.0006460578539796794,,0.5788517619172733,,0.0006021229395021995
9,0.1,0.000715448807265299,,0.5581005919310781,,0.0007475390423981784
10,0.1,0.0007599203963764012,0.0006662490777671337,0.537772980415159,0.5271443426609039,0.0006970493268454447
11,0.1,0.0006455834372900426,,0.5184073286751906,,0.0006802113869828948
12,0.1,0.0007097134415137892,,0.4998162746843364,,0.0008420002074368919
13,0.1,0.0006273848678877888,,0.4823979530483485,,0.0005325080928741954
14,0.1,0.000674749671209914,,0.46606682034002406,,0.0005664554822336262
15,0.1,0.0006758213809613759,0.0007413915736833587,0.4507883969280455,0.4428015723824501,0.0006950979465424704
16,0.1,0.0007097377480628589,,0.4363222250507937,,0.0006790853391673105
17,0.1,0.0006829259121635308,,0.4229808089633782,,0.000607974267040845
18,0.1,0.0006644588477987176,,0.41045600983003777,,0.0005045986254117452
19,0.1,0.00061710329221872,,0.3988266953577598,,0.0005348403162012497
20,0.1,0.0006137516684248112,0.0004930295472149737,0.3877534576588207,0.3819860443472862,0.0004840119630292368
21,0.1,0.0006240791335585527,,0.3773373961448669,,0.0005583566235145554
22,0.1,0.0006026709816069342,,0.3675359437863032,,0.000531639273200805
23,0.1,0.0006387632286835773,,0.3581610611743397,,0.0006272053506108932
24,0.1,0.000640871177893132,,0.34925804163018864,,0.0005275075697378876
25,0.1,0.0006208378811910128,0.0005894037312828004,0.3407770444949468,0.3363013416528702,0.000532701199214595
26,0.1,0.0006222014441542948,,0.33286504343979884,,0.0004793259092063333
27,0.1,0.0006116162015435597,,0.3252654352949725,,0.0005036178554291837
28,0.1,0.0006063317608398696,,0.31826040935185224,,0.0006171355780679733
29,0.1,0.0006002580339554697,,0.3114951987647348,,0.0006168161489767954
30,0.1,0.0006000216380925849,0.0005614001274807379,0.3051869780239132,0.3019137531518936,0.000514400000004874
31,0.1,0.0005902808479731902,,0.29913590558701086,,0.0005425184062914923
32,0.1,0.000588447199940371,,0.2934835878097349,,0.0005286529364335971
33,0.1,0.0005851036548847333,,0.2879597267342938,,0.0005530057702950822
34,0.1,0.0005805534116613368,,0.28268263985713327,,0.0005244840892070594
35,0.1,0.0005824771117962276,0.0005694450519513339,0.27780786156654363,0.27539529651403427,0.00048357808191212825
36,0.1,0.000577759783482179,,0.273203467639784,,0.0005190117857030904
37,0.1,0.0005755592186081534,,0.2686967693476213,,0.0004840660112677142
38,0.1,0.0005741114146076143,,0.2645239218448599,,0.0005055833001582263
39,0.1,0.000572312322522824,,0.26055720282925504,,0.00048038179374998435
40,0.1,0.0005713722639484331,0.0005763269728049636,0.2566612558439374,0.2546932026743889,0.0005019755190005526
41,0.1,0.000570216347114183,,0.2529734085417456,,0.00047353818323851254
42,0.1,0.0005692122601127873,,0.24940395438008836,,0.0005112384120972516
43,0.1,0.0005688747235884269,,0.24602870560354653,,0.0004525249532889575
44,0.1,0.0005683606577804312,,0.24274866189807653,,0.0005389606400664585
45,0.1,0.0005682617920683697,0.000589434479479678,0.23980082995775673,0.23817722499370575,0.0006271564780035987
46,0.1,0.0005681439846133193,,0.23673607885009715,,0.0005618610836487884
47,0.1,0.0005679877601020659,,0.23393082670453524,,0.0007366262094971413
48,0.1,0.0005677958397427574,,0.2313557551759812,,0.0007032720313873142
49,0.1,0.0005672251087768624,,0.2287909563423859,,0.0007168001272172356
50,0.1,0.0005654748917246858,0.0005723395588574931,0.22619770622501767,0.22448448836803436,0.0006574852886842564
51,0.1,0.0005637641346159702,,0.22383369650277826,,
52,0.1,0.0005665905628120527,,0.22139321050296223,,
53,0.1,0.000571440604592984,,0.21923241205513477,,
54,0.1,0.0005739019494891787,,0.217070660346912,,
55,0.1,0.0005769516913763558,0.0005392052553361282,0.2148726281399528,0.21375172957777977,
56,0.1,0.000580196264005887,,0.21284086153739035,,
57,0.1,0.0005839082198993614,,0.21089142623047033,,
58,0.1,0.0005873230887421718,,0.20903066369808387,,
59,0.1,0.0005907442440123608,,0.20716180693772102,,
60,0.1,0.0005941548782478397,0.0005679469177266583,0.20524426425496736,0.2045917958021164,
61,0.1,0.0005976842367090285,,0.2035034338219298,,
62,0.1,0.0006011207782042524,,0.201742344432407,,
63,0.1,0.000604429883727183,,0.20014589103973576,,
64,0.1,0.0006076724433417743,,0.19865466478384206,,
65,0.1,0.0006111337473460784,0.0006028717325534672,0.19695429131388661,0.19626865535974503,
66,0.1,0.0006147355306893587,,0.19538692467742494,,
67,0.1,0.0006185965175973251,,0.19395402922398516,,
68,0.1,0.0006223143573151901,,0.19228166300389504,,
69,0.1,0.0006267141628389558,,0.19092290103435516,,
70,0.1,0.0006305064938108748,0.0006309019372565672,0.1892432399714986,0.1887081190943718,
71,0.1,0.0006350120723557969,,0.18801177882899844,,
72,0.1,0.0006395864329533651,,0.18663716668056118,,
73,0.1,0.0006441330430485929,,0.18520715315308833,,
74,0.1,0.0006490623491117731,,0.18368006507969567,,
75,0.1,0.0006538139568874612,0.0006613711739191785,0.18247293411857554,0.18176309764385223,
76,0.1,0.000658801329943041,,0.18111665878030989,,
77,0.1,0.0006640141558212539,,0.1796823146028651,,
78,0.1,0.0006685672366681198,,0.17832356908669075,,
79,0.1,0.0006738906085956842,,0.17694389664878443,,
80,0.1,0.0006790195232800519,0.0006851063662907109,0.1756059681582782,0.1752246618270874,
81,0.3,0.003416802384890616,0.0013657688978128135,0.17375211034797958,0.1722140945494175,
82,0.3,0.0012535885131607454,,0.1711729844618175,,
83,0.3,0.0010429019021103159,,0.16873741568997505,,
84,0.3,0.0010260953664934884,,0.1667694584466517,,
85,0.3,0.001051750344534715,0.0010729331988841295,0.1648923840580715,0.16354230046272278,
86,0.3,0.001089078248090421,,0.1627722488095363,,
87,0.3,0.0011282745302499582,,0.16071756463497877,,
88,0.3,0.0011677348714632292,,0.15867694177561337,,
89,0.3,0.0012050244161703934,,0.15666839537314245,,
90,0.3,0.0012396567811568577,0.0012561370094772428,0.15469723153445453,0.1535402126610279,
91,0.3,0.0012709831547302504,,0.15281655106486544,,
92,0.3,0.0012989458433973293,,0.15103725757863787,,
93,0.3,0.001322551378204177,,0.14909098757844833,,
94,0.3,0.0013421269250102341,,0.14734664026440844,,
95,0.3,0.0013579025204914312,0.001364451425615698,0.14553580779789224,0.14481547474861145,
96,0.3,0.001371823144533361,,0.14398076778484717,,
97,0.3,0.0013841861994781841,,0.142484904680815,,
98,0.3,0.0013928712093426536,,0.14091892804329595,,
99,0.3,0.0013986885314807296,,0.13954662883447275,,
100,0.3,0.0014041675118884693,0.0014058873348403722,0.13822565693408248,0.13732977211475372,
101,0.3,0.0014183745661284775,,0.13677820206309357,,
102,0.3,0.001445891665449987,,0.1353936901109086,,
103,0.3,0.0014573390459797035,,0.1341915349476039,,
104,0.3,0.001458736544009298,,0.13298161265750727,,
105,0.3,0.0014585620859482635,0.001483329659095034,0.13177182991057637,0.13112999871373177,
106,0.3,0.00146338240786766,,0.13067365691272748,,
107,0.3,0.0014646169729530811,,0.12953305673888985,,
108,0.3,0.0014674935567503173,,0.12856939341872928,,
109,0.3,0.0014695677188380312,,0.1275409011480709,,
110,0.3,0.0014691190250838797,0.0014545472513418645,0.12651258634610307,0.12611926719546318,
111,0.3,0.0014684578830686708,,0.12564373502714765,,
112,0.3,0.0014677191308389108,,0.12473858789437346,,
113,0.3,0.0014681031364792336,,0.12378786178305745,,
114,0.3,0.0014690459065604955,,0.12290654119311108,,
115,0.3,0.0014672471249165635,0.0014578560658264905,0.12214294908982186,0.12166516669094563,
116,0.3,0.0014672968827653676,,0.12120367602134745,,
117,0.3,0.0014644648084261764,,0.12043137739722926,,
118,0.3,0.0014633266061233978,,0.11968914315932327,,
119,0.3,0.0014633270620834082,,0.11891388598208624,,
120,0.3,0.001461054712611561,0.0014515144284814596,0.11819962381074826,0.11776446737349033,
121,0.5,0.00481804960872978,0.004610631498508155,0.11830715307344992,0.11762629263103008,
122,0.5,0.0028328570285035917,,0.11716502444404696,,
123,0.5,0.0019871199134892472,,0.11643641830111545,,
124,0.5,0.00171746700652875,,0.11583471748357016,,
125,0.5,0.0016363415440234046,0.0016188273148145527,0.11532864429884487,0.11490465328097343,
126,0.5,0.0016143516501567017,,0.11481796448222464,,
127,0.5,0.0016133440076373518,,0.11421114051093657,,
128,0.5,0.0016215191863011569,,0.1136602043795089,,
129,0.5,0.0016330345630800973,,0.11321536332575811,,
130,0.5,0.001645424801002567,0.0016521395009476691,0.11255554818651743,0.11221325024962425,
131,0.5,0.001656569424085319,,0.11210329282200998,,
132,0.5,0.0016684663326789935,,0.1113749348765446,,
133,0.5,0.0016794314530367653,,0.110907933416052,,
134,0.5,0.0016893789676638942,,0.11024804216706091,,
135,0.5,0.0017012449776909004,0.001709225121885538,0.109667989373621,0.1092628687620163,
136,0.5,0.001711119383495922,,0.1091615432459447,,
137,0.5,0.0017209679645020515,,0.10858823943676221,,
138,0.5,0.0017294354232338567,,0.10795204356933635,,
139,0.5,0.0017393435506771009,,0.10742179242273171,,
140,0.5,0.0017481286680170645,0.0017540616681799293,0.10680495714768767,0.10639929957687855,
141,0.5,0.0017578364931978285,,0.10615588403824301,,
142,0.5,0.0017675580553865682,,0.10564912653838594,,
143,0.5,0.0017750027667110164,,0.10506850775952141,,
144,0.5,0.00178335053108943,,0.10453842466490136,,
145,0.5,0.0017929179302882403,0.0017978741670958698,0.10396186707334386,0.1036347784101963,
146,0.5,0.0018029932398349047,,0.10341423832707936,,
147,0.5,0.0018116168503183872,,0.10282520504875316,,
148,0.5,0.001817942364141345,,0.1022315847997864,,
149,0.5,0.0018264003059205909,,0.1016278971090085,,
150,0.5,0.0018342539260629565,0.001839026517700404,0.10107623170026475,0.10047894157469273,
151,0.5,0.001841534161940217,,0.10054074362334277,,
152,0.5,0.0018496167613193393,,0.09996824157941674,,
153,0.5,0.0018624259100761265,,0.09941340211985839,,
154,0.5,0.0018650070414878428,,0.09889048586289088,,
155,0.5,0.0018692764958056312,0.001873166358564049,0.09825136057204671,0.09753444790840149,
156,0.5,0.001876176296112438,,0.09764680902784069,,
157,0.5,0.0018825650913640857,,0.09709059209045438,,
158,0.5,0.0018897344804524134,,0.0965882471969558,,
159,0.5,0.0018969682472137113,,0.09608726032699146,,
160,0.5,0.001911819155793637,0.0019271948840469122,0.09555232022992438,0.09509552083909512,
