sample_id,structure_id,fold,stem,charge,defect_class,atom,axis,delta_angstrom,active_element_count,pointwise_h_mae_mev,dh_mae_mev_per_angstrom,relative_frobenius_error,frobenius_cosine_similarity,derivative_norm_ratio
As_Ga_chg-6_atom017_axis0,As_Ga_chg-6,1,As_Ga,-6,substitution,17,0,0.001,1660600,35059223.86241763,14392978.62285686,1018891.3551899613,-0.012413710711606261,1018891.3427762435
As_Ga_chg-6_atom017_axis1,As_Ga_chg-6,1,As_Ga,-6,substitution,17,1,0.001,1660600,35059223.86241761,14393804.885833569,1018883.9333300805,-0.012409096731774646,1018883.9209209777
As_Ga_chg-6_atom017_axis2,As_Ga_chg-6,1,As_Ga,-6,substitution,17,2,0.001,1660600,35059223.862417616,14339690.098766431,1018961.9004591842,-0.012454634439958123,1018961.8880045426
As_Ga_chg-6_atom028_axis0,As_Ga_chg-6,1,As_Ga,-6,substitution,28,0,0.001,1660600,35059223.86241743,14394024.796745827,1018413.2851908248,-0.01250007671472354,1018413.2726907412
As_Ga_chg-6_atom028_axis1,As_Ga_chg-6,1,As_Ga,-6,substitution,28,1,0.001,1660600,35059223.86241743,14394558.44014064,1018533.5226567137,-0.012528699228839292,1018533.5101280067
As_Ga_chg-6_atom028_axis2,As_Ga_chg-6,1,As_Ga,-6,substitution,28,2,0.001,1660600,35059223.86241751,14340758.242692474,1018575.2790456538,-0.01251288209891234,1018575.2665327647
As_Ga_chg-6_atom032_axis0,As_Ga_chg-6,1,As_Ga,-6,substitution,32,0,0.001,1660600,35059223.8624168,14572006.104366945,959941.3743058863,-0.025535636636208087,959941.348770149
As_Ga_chg-6_atom032_axis1,As_Ga_chg-6,1,As_Ga,-6,substitution,32,1,0.001,1660600,35059223.862416916,14570133.248430505,959832.0041362047,-0.025539258310437556,959831.9785968441
As_Ga_chg-6_atom032_axis2,As_Ga_chg-6,1,As_Ga,-6,substitution,32,2,0.001,1660600,35059223.86241687,14487186.985850703,959848.099896192,-0.025537007003247587,959848.074359083
As_Ga_chg-6_atom033_axis0,As_Ga_chg-6,1,As_Ga,-6,substitution,33,0,0.001,1660600,35059223.862419926,16993783.595999416,1169046.4248480052,-0.04872595297390788,1169046.3761221534
As_Ga_chg-6_atom033_axis1,As_Ga_chg-6,1,As_Ga,-6,substitution,33,1,0.001,1660600,35059223.862417325,16992860.694682866,1169022.9773314593,-0.048740919134657334,1169022.9285906402
As_Ga_chg-6_atom033_axis2,As_Ga_chg-6,1,As_Ga,-6,substitution,33,2,0.001,1660600,35059223.86241714,16876979.175140683,1169101.1791013272,-0.04873069187289119,1169101.1303707378
As_Ga_chg0_atom017_axis0,As_Ga_chg0,1,As_Ga,0,substitution,17,0,0.001,1660600,1.0495835457716638,3.486629604178007,0.7007757931609198,0.7489134864071473,0.5209702425869988
As_Ga_chg0_atom017_axis1,As_Ga_chg0,1,As_Ga,0,substitution,17,1,0.001,1660600,1.0495834534385706,3.486203365148848,0.7008013864991334,0.7489048956333318,0.5209111983013445
As_Ga_chg0_atom017_axis2,As_Ga_chg0,1,As_Ga,0,substitution,17,2,0.001,1660600,1.049583320949836,3.444734934286768,0.7008001603214971,0.7488773392568355,0.5209779448753095
As_Ga_chg0_atom028_axis0,As_Ga_chg0,1,As_Ga,0,substitution,28,0,0.001,1660600,1.0495838513013565,3.4873218498905296,0.7009074949576762,0.7488550568592467,0.5206989421659515
As_Ga_chg0_atom028_axis1,As_Ga_chg0,1,As_Ga,0,substitution,28,1,0.001,1660600,1.0495837769118619,3.4861708579187862,0.70091056324312,0.7488469264442141,0.5207080719911314
As_Ga_chg0_atom028_axis2,As_Ga_chg0,1,As_Ga,0,substitution,28,2,0.001,1660600,1.0495836342798053,3.4446788644769413,0.7008668633588955,0.7488665530558603,0.5207975406040727
As_Ga_chg0_atom032_axis0,As_Ga_chg0,1,As_Ga,0,substitution,32,0,0.001,1660600,1.0495823308246068,3.743706924571141,0.671224777766317,0.808774289728765,0.48526454642249234
As_Ga_chg0_atom032_axis1,As_Ga_chg0,1,As_Ga,0,substitution,32,1,0.001,1660600,1.049582234563787,3.743599836631368,0.671220683283301,0.8087757455502053,0.4852708580168436
As_Ga_chg0_atom032_axis2,As_Ga_chg0,1,As_Ga,0,substitution,32,2,0.001,1660600,1.0495823429500588,3.6927283402538604,0.6712458378113337,0.8087632350457076,0.48523743214736226
As_Ga_chg0_atom033_axis0,As_Ga_chg0,1,As_Ga,0,substitution,33,0,0.001,1660600,1.0495820302508754,4.150197921716221,0.7135754641246959,0.7247864601174089,0.5390302872166196
As_Ga_chg0_atom033_axis1,As_Ga_chg0,1,As_Ga,0,substitution,33,1,0.001,1660600,1.0495820036414762,4.150392329265273,0.7135848651664318,0.7247942305315336,0.5389716366231396
As_Ga_chg0_atom033_axis2,As_Ga_chg0,1,As_Ga,0,substitution,33,2,0.001,1660600,1.0495820509176548,4.093774195214532,0.7135697893408063,0.7248196414460032,0.5389558287060113
As_Ga_chg6_atom017_axis0,As_Ga_chg6,1,As_Ga,6,substitution,17,0,0.001,1660600,1227744.4733273147,565264.1525111169,38238.563966574344,0.02028934182907698,38238.58424286364
As_Ga_chg6_atom017_axis1,As_Ga_chg6,1,As_Ga,6,substitution,17,1,0.001,1660600,1227744.4733272071,565244.8804789165,38236.37501553928,0.020285857906992735,38236.3952883439
As_Ga_chg6_atom017_axis2,As_Ga_chg6,1,As_Ga,6,substitution,17,2,0.001,1660600,1227744.4733283948,563687.1752901758,38229.98093326397,0.020254436449080836,38230.00117464491
As_Ga_chg6_atom028_axis0,As_Ga_chg6,1,As_Ga,6,substitution,28,0,0.001,1660600,1227744.4733270046,565191.8402397231,38216.821075631844,0.020195173844466143,38216.84125774562
As_Ga_chg6_atom028_axis1,As_Ga_chg6,1,As_Ga,6,substitution,28,1,0.001,1660600,1227744.4733268851,565203.0641362148,38215.955958274964,0.0201932926279343,38215.97613850721
As_Ga_chg6_atom028_axis2,As_Ga_chg6,1,As_Ga,6,substitution,28,2,0.001,1660600,1227744.4733272898,563687.3844276331,38224.16116595422,0.02018997727020968,38224.18134287392
As_Ga_chg6_atom032_axis0,As_Ga_chg6,1,As_Ga,6,substitution,32,0,0.001,1660600,1227744.4733290991,573277.9731092631,35255.997517540316,0.006329335133639253,35256.003832709415
As_Ga_chg6_atom032_axis1,As_Ga_chg6,1,As_Ga,6,substitution,32,1,0.001,1660600,1227744.4733287182,573272.6858367162,35252.56839067327,0.00633366802308944,35252.574710173874
As_Ga_chg6_atom032_axis2,As_Ga_chg6,1,As_Ga,6,substitution,32,2,0.001,1660600,1227744.4733287254,570163.7444709418,35253.256162646016,0.00633920011020002,35253.262487679
As_Ga_chg6_atom033_axis0,As_Ga_chg6,1,As_Ga,6,substitution,33,0,0.001,1660600,1227744.4733289669,743620.9198225853,52799.132604683306,-0.0472102383135064,52799.08538502082
As_Ga_chg6_atom033_axis1,As_Ga_chg6,1,As_Ga,6,substitution,33,1,0.001,1660600,1227744.4733298142,743582.0791607299,52789.10542826811,-0.04718847340871959,52789.05823036864
As_Ga_chg6_atom033_axis2,As_Ga_chg6,1,As_Ga,6,substitution,33,2,0.001,1660600,1227744.4733290556,739242.8452708183,52801.73791426041,-0.047217773731640066,52801.690687063
Ga_As_chg-6_atom026_axis0,Ga_As_chg-6,2,Ga_As,-6,substitution,26,0,0.001,1640384,38839121.686282896,15761026.751862684,1092449.7247504143,-0.00918847510866563,1092449.7155619913
Ga_As_chg-6_atom026_axis1,Ga_As_chg-6,2,Ga_As,-6,substitution,26,1,0.001,1640384,38839121.68628358,15753523.102478359,1091686.1409870798,-0.009220198354498839,1091686.1317669342
Ga_As_chg-6_atom026_axis2,Ga_As_chg-6,2,Ga_As,-6,substitution,26,2,0.001,1640384,38839121.686283596,15680580.775141854,1091659.866103232,-0.009205437976047252,1091659.8568978454
Ga_As_chg-6_atom035_axis0,Ga_As_chg-6,2,Ga_As,-6,substitution,35,0,0.001,1640384,38839121.6862831,20963574.527901176,2086268.920336858,0.02161474868407611,2086268.9419524742
Ga_As_chg-6_atom035_axis1,Ga_As_chg-6,2,Ga_As,-6,substitution,35,1,0.001,1640384,38839121.68628345,20966167.599470448,2085642.4223186288,0.021487042083254127,2085642.443806539
Ga_As_chg-6_atom035_axis2,Ga_As_chg-6,2,Ga_As,-6,substitution,35,2,0.001,1640384,38839121.68628333,20800897.731557574,2085400.7316941665,0.021483148703877988,2085400.7531781811
Ga_As_chg-6_atom046_axis0,Ga_As_chg-6,2,Ga_As,-6,substitution,46,0,0.001,1640384,38839121.686283015,19228959.733550802,1480235.4056332072,-0.038818699297503735,1480235.3668148764
Ga_As_chg-6_atom046_axis1,Ga_As_chg-6,2,Ga_As,-6,substitution,46,1,0.001,1640384,38839121.686283775,19249143.4240681,1481882.088101839,-0.03882927647974134,1481882.0492729337
Ga_As_chg-6_atom046_axis2,Ga_As_chg-6,2,Ga_As,-6,substitution,46,2,0.001,1640384,38839121.6862832,19130472.710841924,1480996.3970753527,-0.03886595067346958,1480996.3582097734
Ga_As_chg-6_atom060_axis0,Ga_As_chg-6,2,Ga_As,-6,substitution,60,0,0.001,1640384,38839121.686282836,19247576.40898589,1481120.2853845747,-0.039008741597427496,1481120.246376198
Ga_As_chg-6_atom060_axis1,Ga_As_chg-6,2,Ga_As,-6,substitution,60,1,0.001,1640384,38839121.686283134,19247676.545797564,1480661.190659701,-0.03903446546206714,1480661.1516256023
Ga_As_chg-6_atom060_axis2,Ga_As_chg-6,2,Ga_As,-6,substitution,60,2,0.001,1640384,38839121.686283104,19141258.564134434,1480887.7290959063,-0.03902713394842983,1480887.690069139
Ga_As_chg0_atom026_axis0,Ga_As_chg0,2,Ga_As,0,substitution,26,0,0.001,1640384,1.019222006371519,3.6184209568451196,0.7091317754506008,0.7352766461586826,0.5267110177811016
Ga_As_chg0_atom026_axis1,Ga_As_chg0,2,Ga_As,0,substitution,26,1,0.001,1640384,1.0192254220604082,3.597951222610214,0.7092753057814917,0.7352630721355027,0.5262577022570729
Ga_As_chg0_atom026_axis2,Ga_As_chg0,2,Ga_As,0,substitution,26,2,0.001,1640384,1.019216442368378,3.548918753839297,0.7092725756142092,0.7352819712991272,0.526219387759167
Ga_As_chg0_atom035_axis0,Ga_As_chg0,2,Ga_As,0,substitution,35,0,0.001,1640384,1.0192122989779908,5.13184063312892,0.8093417944139822,0.5874629311659968,0.5995805084835201
Ga_As_chg0_atom035_axis1,Ga_As_chg0,2,Ga_As,0,substitution,35,1,0.001,1640384,1.0191142739169012,5.223357307736168,0.8100118337181211,0.5865161947506798,0.5974896841167002
Ga_As_chg0_atom035_axis2,Ga_As_chg0,2,Ga_As,0,substitution,35,2,0.001,1640384,1.0192240424022354,5.081813232362759,0.8096851469150741,0.5869938222466599,0.5993139071200976
Ga_As_chg0_atom046_axis0,Ga_As_chg0,2,Ga_As,0,substitution,46,0,0.001,1640384,1.0192265113816268,5.0896319320558305,0.7410232644024286,0.6828981668474119,0.5585382670819449
Ga_As_chg0_atom046_axis1,Ga_As_chg0,2,Ga_As,0,substitution,46,1,0.001,1640384,1.0192134836298226,5.097286764952551,0.7409038567085073,0.682991932934379,0.5588287123758323
Ga_As_chg0_atom046_axis2,Ga_As_chg0,2,Ga_As,0,substitution,46,2,0.001,1640384,1.0192426801424408,5.027262757375161,0.7409452422274497,0.6829246438484793,0.5588846456400193
Ga_As_chg0_atom060_axis0,Ga_As_chg0,2,Ga_As,0,substitution,60,0,0.001,1640384,1.0192236236941545,5.0949091190987765,0.7408348973195878,0.6831242894658406,0.5586448134659157
Ga_As_chg0_atom060_axis1,Ga_As_chg0,2,Ga_As,0,substitution,60,1,0.001,1640384,1.0192226103495199,5.096833205983552,0.7408050263017955,0.6831865565138507,0.5585432334045138
Ga_As_chg0_atom060_axis2,Ga_As_chg0,2,Ga_As,0,substitution,60,2,0.001,1640384,1.0192256622298916,5.032807968256369,0.740860629943549,0.6831076900494879,0.5585661740575018
Ga_As_chg6_atom026_axis0,Ga_As_chg6,2,Ga_As,6,substitution,26,0,0.001,1640384,1264794.5895458625,611667.6450156375,42951.815601407296,0.011006588744511308,42951.826596376646
Ga_As_chg6_atom026_axis1,Ga_As_chg6,2,Ga_As,6,substitution,26,1,0.001,1640384,1264794.5895402746,611301.7357610683,42836.39710894516,0.010938947830640441,42836.40803624215
Ga_As_chg6_atom026_axis2,Ga_As_chg6,2,Ga_As,6,substitution,26,2,0.001,1640384,1264794.589546433,608542.002230621,42922.7251946583,0.010969751726469894,42922.736152782774
Ga_As_chg6_atom035_axis0,Ga_As_chg6,2,Ga_As,6,substitution,35,0,0.001,1640384,1264794.589546696,790000.1243188737,73133.79976638657,0.018926152901472607,73133.8186857432
Ga_As_chg6_atom035_axis1,Ga_As_chg6,2,Ga_As,6,substitution,35,1,0.001,1640384,1264794.589546958,790006.9146503867,73095.80215013164,0.01871621938912756,73095.82085955107
Ga_As_chg6_atom035_axis2,Ga_As_chg6,2,Ga_As,6,substitution,35,2,0.001,1640384,1264794.5895466884,783321.6075435032,73094.42728603641,0.018710360963167125,73094.44598959739
Ga_As_chg6_atom046_axis0,Ga_As_chg6,2,Ga_As,6,substitution,46,0,0.001,1640384,1264794.5895460516,831358.8496637878,61684.774824341555,-0.05503647855346634,61684.71977981107
Ga_As_chg6_atom046_axis1,Ga_As_chg6,2,Ga_As,6,substitution,46,1,0.001,1640384,1264794.589546739,832170.5139921374,61744.49652878763,-0.05496880536554222,61744.44155193809
Ga_As_chg6_atom046_axis2,Ga_As_chg6,2,Ga_As,6,substitution,46,2,0.001,1640384,1264794.5895469566,827469.0106863951,61733.1480624888,-0.054952157154854436,61733.09310228608
Ga_As_chg6_atom060_axis0,Ga_As_chg6,2,Ga_As,6,substitution,60,0,0.001,1640384,1264794.5895460148,832144.2893911441,61712.6866486863,-0.05519727885121379,61712.631443359314
Ga_As_chg6_atom060_axis1,Ga_As_chg6,2,Ga_As,6,substitution,60,1,0.001,1640384,1264794.5895460981,832206.6792531664,61709.38513450633,-0.05530415412731616,61709.329822303676
Ga_As_chg6_atom060_axis2,Ga_As_chg6,2,Ga_As,6,substitution,60,2,0.001,1640384,1264794.5895464038,827849.4324776853,61705.29592204031,-0.05525623418247292,61705.240657757065
IAs-IAs_chg-6_atom017_axis0,IAs-IAs_chg-6,4,IAs-IAs,-6,interstitial,17,0,0.001,1747240,49973403.81261831,27260380.377747595,2246142.3483273704,0.07704911079824249,2246142.425377206
IAs-IAs_chg-6_atom017_axis1,IAs-IAs_chg-6,4,IAs-IAs,-6,interstitial,17,1,0.001,1747240,49973403.812618315,21758864.313889384,1730269.0478172724,0.04147505904523465,1730269.0892928168
IAs-IAs_chg-6_atom017_axis2,IAs-IAs_chg-6,4,IAs-IAs,-6,interstitial,17,2,0.001,1747240,49973403.81261804,22613567.84926769,1798342.3483549522,0.0663305794498549,1798342.414686023
IAs-IAs_chg-6_atom033_axis0,IAs-IAs_chg-6,4,IAs-IAs,-6,interstitial,33,0,0.001,1747240,49973403.81261833,21032960.27188407,1957278.7643355257,0.06318392555692347,1957278.8275200285
IAs-IAs_chg-6_atom033_axis1,IAs-IAs_chg-6,4,IAs-IAs,-6,interstitial,33,1,0.001,1747240,49973403.812618025,20329365.36443328,1476636.8203384797,0.03343293555074822,1476636.8537717022
IAs-IAs_chg-6_atom033_axis2,IAs-IAs_chg-6,4,IAs-IAs,-6,interstitial,33,2,0.001,1747240,49973403.81261818,22703790.740280576,1635811.0903012946,0.023997703641169234,1635811.114299376
IAs-IAs_chg-6_atom034_axis0,IAs-IAs_chg-6,4,IAs-IAs,-6,interstitial,34,0,0.001,1747240,49973403.81261841,16708536.14618659,1129124.7519331367,-0.014963693218250605,1129124.736969514
IAs-IAs_chg-6_atom034_axis1,IAs-IAs_chg-6,4,IAs-IAs,-6,interstitial,34,1,0.001,1747240,49973403.812618315,15804657.79217334,1051753.1642919825,-0.027913358220299295,1051753.1363786252
IAs-IAs_chg-6_atom034_axis2,IAs-IAs_chg-6,4,IAs-IAs,-6,interstitial,34,2,0.001,1747240,49973403.81261794,16590552.454382297,1121526.390405464,-0.02005695701252632,1121526.370348569
IAs-IAs_chg-6_atom062_axis0,IAs-IAs_chg-6,4,IAs-IAs,-6,interstitial,62,0,0.001,1747240,49973403.8126181,26872154.012047257,2387176.6882214397,0.08944558944431583,2387176.7776678065
IAs-IAs_chg-6_atom062_axis1,IAs-IAs_chg-6,4,IAs-IAs,-6,interstitial,62,1,0.001,1747240,49973403.81261851,25107830.394372586,2177245.1237332667,-0.007181463655917017,2177245.1165525406
IAs-IAs_chg-6_atom062_axis2,IAs-IAs_chg-6,4,IAs-IAs,-6,interstitial,62,2,0.001,1747240,49973403.812616974,29542881.711462975,2421638.0576176196,0.015699394511410808,2421638.073317831
IAs-IAs_chg0_atom017_axis0,IAs-IAs_chg0,4,IAs-IAs,0,interstitial,17,0,0.001,1747240,1.963144312903336,3.9713753065890445,0.7056740052698127,0.7487586847401392,0.5066525722858396
IAs-IAs_chg0_atom017_axis1,IAs-IAs_chg0,4,IAs-IAs,0,interstitial,17,1,0.001,1747240,1.9631442291733374,3.7741456895613132,0.7098377334695196,0.7419347134094787,0.5088323178414106
IAs-IAs_chg0_atom017_axis2,IAs-IAs_chg0,4,IAs-IAs,0,interstitial,17,2,0.001,1747240,1.9631439770644246,3.9137938679159094,0.6914516408750818,0.7623000340936821,0.5189757368102734
IAs-IAs_chg0_atom033_axis0,IAs-IAs_chg0,4,IAs-IAs,0,interstitial,33,0,0.001,1747240,1.963140544780901,3.9850056548693735,0.6984700264541425,0.754647784119293,0.5151615508376999
IAs-IAs_chg0_atom033_axis1,IAs-IAs_chg0,4,IAs-IAs,0,interstitial,33,1,0.001,1747240,1.9631447882187425,3.8115400866140745,0.687075596364547,0.7754767216992791,0.5044840630947589
IAs-IAs_chg0_atom033_axis2,IAs-IAs_chg0,4,IAs-IAs,0,interstitial,33,2,0.001,1747240,1.9631443986459145,3.888703488439407,0.6847906740777249,0.7794341242403212,0.5029276662063683
IAs-IAs_chg0_atom034_axis0,IAs-IAs_chg0,4,IAs-IAs,0,interstitial,34,0,0.001,1747240,1.9631689509519563,3.7568589207507883,0.7104443238291286,0.726451774106997,0.5462759783832484
IAs-IAs_chg0_atom034_axis1,IAs-IAs_chg0,4,IAs-IAs,0,interstitial,34,1,0.001,1747240,1.9631514195942532,3.841303642306619,0.713915243552306,0.722614325260109,0.5441586219387317
IAs-IAs_chg0_atom034_axis2,IAs-IAs_chg0,4,IAs-IAs,0,interstitial,34,2,0.001,1747240,1.9631456884937286,3.7643136980807874,0.7120113000423712,0.7249853496122769,0.5445307887363702
IAs-IAs_chg0_atom062_axis0,IAs-IAs_chg0,4,IAs-IAs,0,interstitial,62,0,0.001,1747240,1.9631502410205912,4.133482838333879,0.7090165089197017,0.7306814961500517,0.5393706006497255
IAs-IAs_chg0_atom062_axis1,IAs-IAs_chg0,4,IAs-IAs,0,interstitial,62,1,0.001,1747240,1.963142972831119,3.9006757415001245,0.7127488083437382,0.7180198904318037,0.5645160570870527
IAs-IAs_chg0_atom062_axis2,IAs-IAs_chg0,4,IAs-IAs,0,interstitial,62,2,0.001,1747240,1.96314192768957,4.0461655704850195,0.6893634349058102,0.7511463888021086,0.5525441662668249
IAs-IAs_chg6_atom017_axis0,IAs-IAs_chg6,4,IAs-IAs,6,interstitial,17,0,0.001,1747240,2560429.155701669,1782110.6081963615,179560.43615103027,0.07019064575791965,179560.50633898083
IAs-IAs_chg6_atom017_axis1,IAs-IAs_chg6,4,IAs-IAs,6,interstitial,17,1,0.001,1747240,2560429.155702314,1076108.5936205098,89028.45126079502,0.06513052239013449,89028.51638576372
IAs-IAs_chg6_atom017_axis2,IAs-IAs_chg6,4,IAs-IAs,6,interstitial,17,2,0.001,1747240,2560429.1557016554,1287614.6352300788,121206.83499342664,0.08595534769166588,121206.92094473094
IAs-IAs_chg6_atom033_axis0,IAs-IAs_chg6,4,IAs-IAs,6,interstitial,33,0,0.001,1747240,2560429.155706249,1191336.0057866096,118054.58011439687,0.061488589152081344,118054.64159881613
IAs-IAs_chg6_atom033_axis1,IAs-IAs_chg6,4,IAs-IAs,6,interstitial,33,1,0.001,1747240,2560429.1557018156,1068143.4380031233,82294.50762958787,0.06840796941579391,82294.57603154433
IAs-IAs_chg6_atom033_axis2,IAs-IAs_chg6,4,IAs-IAs,6,interstitial,33,2,0.001,1747240,2560429.155702088,1163296.3735363593,89660.13449445815,0.058441626198900906,89660.1929305639
IAs-IAs_chg6_atom034_axis0,IAs-IAs_chg6,4,IAs-IAs,6,interstitial,34,0,0.001,1747240,2560429.1557018193,792874.9702525944,53070.60872934522,-0.046754445340859305,53070.561965523906
IAs-IAs_chg6_atom034_axis1,IAs-IAs_chg6,4,IAs-IAs,6,interstitial,34,1,0.001,1747240,2560429.1557025053,758948.664344702,50699.68076558277,-0.05263590221101032,50699.628119869325
IAs-IAs_chg6_atom034_axis2,IAs-IAs_chg6,4,IAs-IAs,6,interstitial,34,2,0.001,1747240,2560429.1557012117,785471.0464290003,52330.37254236663,-0.05023966328671031,52330.322293197125
IAs-IAs_chg6_atom062_axis0,IAs-IAs_chg6,4,IAs-IAs,6,interstitial,62,0,0.001,1747240,2560429.155701572,1730603.4808474712,167417.42720313673,0.06692875348807989,167417.49412898612
IAs-IAs_chg6_atom062_axis1,IAs-IAs_chg6,4,IAs-IAs,6,interstitial,62,1,0.001,1747240,2560429.155701752,1521927.346658246,154810.37753308314,-0.008357166490943806,154810.36917275618
IAs-IAs_chg6_atom062_axis2,IAs-IAs_chg6,4,IAs-IAs,6,interstitial,62,2,0.001,1747240,2560429.1557011805,2012554.7124369119,199626.3814258078,0.02451649041974796,199626.40593988038
IAs_chg-3_atom010_axis0,IAs_chg-3,1,IAs,-3,interstitial,10,0,0.001,2012575,1.7190078750530244,3.805749831137448,0.6999037335030259,0.7551883640006599,0.5098830414047987
IAs_chg-3_atom010_axis1,IAs_chg-3,1,IAs,-3,interstitial,10,1,0.001,2012575,1.7190100462109326,3.897021219318045,0.6942127034864146,0.7621116342296166,0.511621273715619
IAs_chg-3_atom010_axis2,IAs_chg-3,1,IAs,-3,interstitial,10,2,0.001,2012575,1.719008972499558,3.8965370027327544,0.6943240914032914,0.7621365414923649,0.5112619676883842
IAs_chg-3_atom022_axis0,IAs_chg-3,1,IAs,-3,interstitial,22,0,0.001,2012575,1.7190109972162666,3.2356244643138994,0.7025016211433636,0.7447927749475158,0.52519130563663
IAs_chg-3_atom022_axis1,IAs_chg-3,1,IAs,-3,interstitial,22,1,0.001,2012575,1.71900793215211,3.2344673953968335,0.7021246325055551,0.7452127245916025,0.525392333215557
IAs_chg-3_atom022_axis2,IAs_chg-3,1,IAs,-3,interstitial,22,2,0.001,2012575,1.7190084966902428,3.193898113673361,0.7021655928469972,0.7452575423980223,0.5251545567759959
IAs_chg-3_atom032_axis0,IAs_chg-3,1,IAs,-3,interstitial,32,0,0.001,2012575,1.7191396463988173,4.065432246527063,0.7018433160617332,0.7531941625969372,0.5084790489014046
IAs_chg-3_atom032_axis1,IAs_chg-3,1,IAs,-3,interstitial,32,1,0.001,2012575,1.7190099415134321,3.89513694555874,0.6935787569884447,0.7627647296200926,0.5120427224120694
IAs_chg-3_atom032_axis2,IAs_chg-3,1,IAs,-3,interstitial,32,2,0.001,2012575,1.7190086150314678,3.8953335334385844,0.6932450154541538,0.7633127082692486,0.5118471200514284
IAs_chg-3_atom061_axis0,IAs_chg-3,1,IAs,-3,interstitial,61,0,0.001,2012575,1.719008930246995,3.848398825502154,0.7198011848673933,0.7164546964695921,0.5391947804416752
IAs_chg-3_atom061_axis1,IAs_chg-3,1,IAs,-3,interstitial,61,1,0.001,2012575,1.7190080907528325,3.613576597843445,0.7004907551461617,0.7394609214688933,0.5458382150906225
IAs_chg-3_atom061_axis2,IAs_chg-3,1,IAs,-3,interstitial,61,2,0.001,2012575,1.7190108757130886,3.5826086756819104,0.70059217150907,0.7392902514919594,0.5459525502249237
IAs_chg0_atom010_axis0,IAs_chg0,1,IAs,0,interstitial,10,0,0.001,2012575,1.3872598257721802,3.7809726152282432,0.695452327807842,0.7625738027489497,0.5072842712504501
IAs_chg0_atom010_axis1,IAs_chg0,1,IAs,0,interstitial,10,1,0.001,2012575,1.3872585163512097,3.8917457898013548,0.6936590445344908,0.766783274059717,0.5038774744990836
IAs_chg0_atom010_axis2,IAs_chg0,1,IAs,0,interstitial,10,2,0.001,2012575,1.3872589210242052,3.8906117625738856,0.6937346822484369,0.7669089801519385,0.5034375524934553
IAs_chg0_atom022_axis0,IAs_chg0,1,IAs,0,interstitial,22,0,0.001,2012575,1.3872610717236196,3.3301662453330794,0.7061932389503727,0.7416228176938321,0.5209119333591673
IAs_chg0_atom022_axis1,IAs_chg0,1,IAs,0,interstitial,22,1,0.001,2012575,1.3872592354863358,3.3229295143385205,0.7055775541010888,0.7423478367306221,0.521169185974429
IAs_chg0_atom022_axis2,IAs_chg0,1,IAs,0,interstitial,22,2,0.001,2012575,1.3872604683743397,3.281314316121283,0.7056424215689477,0.7423863557916459,0.5208717323833587
IAs_chg0_atom032_axis0,IAs_chg0,1,IAs,0,interstitial,32,0,0.001,2012575,1.3872592930988519,3.77859446141813,0.6955576391238345,0.7622618427125681,0.5076178830366054
IAs_chg0_atom032_axis1,IAs_chg0,1,IAs,0,interstitial,32,1,0.001,2012575,1.387259948632593,3.890002248678482,0.6930716509675171,0.7674860268051629,0.504079279138408
IAs_chg0_atom032_axis2,IAs_chg0,1,IAs,0,interstitial,32,2,0.001,2012575,1.3872597890614313,3.890216486260944,0.6927355917817417,0.7680962860518531,0.5037962581135146
IAs_chg0_atom061_axis0,IAs_chg0,1,IAs,0,interstitial,61,0,0.001,2012575,1.3872612008079814,4.009345766786684,0.7222119877232266,0.7152640621542732,0.5330750563911707
IAs_chg0_atom061_axis1,IAs_chg0,1,IAs,0,interstitial,61,1,0.001,2012575,1.3872600506146864,3.757204051581569,0.7018829969575653,0.740219395751467,0.5388131017455916
IAs_chg0_atom061_axis2,IAs_chg0,1,IAs,0,interstitial,61,2,0.001,2012575,1.3872600080113786,3.7256552032489747,0.7020116010288389,0.7400257608283441,0.5388829889745559
IAs_chg3_atom010_axis0,IAs_chg3,1,IAs,3,interstitial,10,0,0.001,2012575,1.253853332725415,4.003760318604767,0.6809663557705897,0.7752992890673958,0.5207326665100629
IAs_chg3_atom010_axis1,IAs_chg3,1,IAs,3,interstitial,10,1,0.001,2012575,1.2538557765437675,4.274682197257458,0.6857196970249941,0.7705446522904449,0.5176601647041004
IAs_chg3_atom010_axis2,IAs_chg3,1,IAs,3,interstitial,10,2,0.001,2012575,1.2538532451226563,4.308123919753774,0.6863788582247092,0.7700898020645929,0.5168029286145623
IAs_chg3_atom022_axis0,IAs_chg3,1,IAs,3,interstitial,22,0,0.001,2012575,1.253857971074602,3.5322432252045015,0.7070358809783568,0.7427386541656973,0.5156694017708731
IAs_chg3_atom022_axis1,IAs_chg3,1,IAs,3,interstitial,22,1,0.001,2012575,1.2538549014425056,3.5717700733666233,0.7063609653496862,0.7435319399928857,0.5159675333741206
IAs_chg3_atom022_axis2,IAs_chg3,1,IAs,3,interstitial,22,2,0.001,2012575,1.253857089075926,3.527080435839221,0.7064168251852008,0.7435765918614533,0.5156931153444866
IAs_chg3_atom032_axis0,IAs_chg3,1,IAs,3,interstitial,32,0,0.001,2012575,1.253854487690443,4.017279325058503,0.6812608525596919,0.774890626890817,0.5207807434270855
IAs_chg3_atom032_axis1,IAs_chg3,1,IAs,3,interstitial,32,1,0.001,2012575,1.2538636534796093,4.295581456295491,0.6851385354238384,0.7712921407010708,0.5177051161309905
IAs_chg3_atom032_axis2,IAs_chg3,1,IAs,3,interstitial,32,2,0.001,2012575,1.2538545049556415,4.310976359057212,0.6851160986904989,0.7715641840267642,0.5172113606531757
IAs_chg3_atom061_axis0,IAs_chg3,1,IAs,3,interstitial,61,0,0.001,2012575,1.253855998519226,3.951569731281802,0.7144967378280708,0.7197829436396669,0.5506880758230471
IAs_chg3_atom061_axis1,IAs_chg3,1,IAs,3,interstitial,61,1,0.001,2012575,1.2538551761871288,3.9665849092752854,0.7016292244490651,0.7378817839655114,0.5461708147709807
IAs_chg3_atom061_axis2,IAs_chg3,1,IAs,3,interstitial,61,2,0.001,2012575,1.2538548653930568,3.935658525047801,0.7017548730830905,0.7376971462115774,0.5462370160931833
IGa-IAs_chg-6_atom028_axis0,IGa-IAs_chg-6,4,IGa-IAs,-6,interstitial,28,0,0.001,1753738,50344747.63977934,22479737.007701896,1770759.9219045076,0.01747330112551614,1770759.9393783174
IGa-IAs_chg-6_atom028_axis1,IGa-IAs_chg-6,4,IGa-IAs,-6,interstitial,28,1,0.001,1753738,50344747.639779225,22394851.60895169,1761174.4998740125,0.02367029493423882,1761174.5235447844
IGa-IAs_chg-6_atom028_axis2,IGa-IAs_chg-6,4,IGa-IAs,-6,interstitial,28,2,0.001,1753738,50344747.63977928,20914256.597112685,1584221.8364566793,0.028745631494737297,1584221.865202678
IGa-IAs_chg-6_atom032_axis0,IGa-IAs_chg-6,4,IGa-IAs,-6,interstitial,32,0,0.001,1753738,50344747.63977922,21479370.709307943,1613767.7113859192,0.02782544461269766,1613767.7392117458
IGa-IAs_chg-6_atom032_axis1,IGa-IAs_chg-6,4,IGa-IAs,-6,interstitial,32,1,0.001,1753738,50344747.63977912,22763446.04592722,1654838.935634856,0.087333158593333,1654839.022968412
IGa-IAs_chg-6_atom032_axis2,IGa-IAs_chg-6,4,IGa-IAs,-6,interstitial,32,2,0.001,1753738,50344747.63977931,25159549.888106156,1787433.3470903358,0.017873404552023336,1787433.3649642232
IGa-IAs_chg-6_atom033_axis0,IGa-IAs_chg-6,4,IGa-IAs,-6,interstitial,33,0,0.001,1753738,50344747.63977952,16717750.800799223,1121768.0184434038,-0.040071563422397975,1121767.9783719017
IGa-IAs_chg-6_atom033_axis1,IGa-IAs_chg-6,4,IGa-IAs,-6,interstitial,33,1,0.001,1753738,50344747.63977973,16327078.60518088,1101232.562871923,-0.03607573817816374,1101232.5267962315
IGa-IAs_chg-6_atom033_axis2,IGa-IAs_chg-6,4,IGa-IAs,-6,interstitial,33,2,0.001,1753738,50344747.63977972,17778723.934140816,1189191.4899945338,-0.033330203260611375,1189191.4566644467
IGa-IAs_chg-6_atom061_axis0,IGa-IAs_chg-6,4,IGa-IAs,-6,interstitial,61,0,0.001,1753738,50344747.639779165,24341431.38151305,1747709.28586234,0.03266489033267435,1747709.3185277
IGa-IAs_chg-6_atom061_axis1,IGa-IAs_chg-6,4,IGa-IAs,-6,interstitial,61,1,0.001,1753738,50344747.6397795,22607354.47510491,1635064.6755997904,0.036846505504904155,1635064.7124466975
IGa-IAs_chg-6_atom061_axis2,IGa-IAs_chg-6,4,IGa-IAs,-6,interstitial,61,2,0.001,1753738,50344747.639779486,26158945.48014308,1919844.3435577091,0.05117162765533972,1919844.3947299016
IGa-IAs_chg0_atom028_axis0,IGa-IAs_chg0,4,IGa-IAs,0,interstitial,28,0,0.001,1753738,1.530051586565651,3.7872041989467795,0.693168717893485,0.7528260307977142,0.5355016094522574
IGa-IAs_chg0_atom028_axis1,IGa-IAs_chg0,4,IGa-IAs,0,interstitial,28,1,0.001,1753738,1.5300336871626203,3.819851455018727,0.6891516103853088,0.7596085333538827,0.5317158699329533
IGa-IAs_chg0_atom028_axis2,IGa-IAs_chg0,4,IGa-IAs,0,interstitial,28,2,0.001,1753738,1.5300383685269496,3.753115335334387,0.6910483761395606,0.757370722660214,0.5311887832654772
IGa-IAs_chg0_atom032_axis0,IGa-IAs_chg0,4,IGa-IAs,0,interstitial,32,0,0.001,1753738,1.5301648034269961,4.121890348698788,0.7059955009461757,0.7418101877387433,0.5211022314035864
IGa-IAs_chg0_atom032_axis1,IGa-IAs_chg0,4,IGa-IAs,0,interstitial,32,1,0.001,1753738,1.5300595139641437,4.217114821564994,0.6951889219626705,0.7578774672325893,0.5177402303056717
IGa-IAs_chg0_atom032_axis2,IGa-IAs_chg0,4,IGa-IAs,0,interstitial,32,2,0.001,1753738,1.5300367277552342,3.9595215005914133,0.7053311753512226,0.7487235756715976,0.5077276012462738
IGa-IAs_chg0_atom033_axis0,IGa-IAs_chg0,4,IGa-IAs,0,interstitial,33,0,0.001,1753738,1.5300339006966368,3.776909806218819,0.7127424799876247,0.7238038181676355,0.5452154367610851
IGa-IAs_chg0_atom033_axis1,IGa-IAs_chg0,4,IGa-IAs,0,interstitial,33,1,0.001,1753738,1.530038715694251,3.7480859462980347,0.7102448647671326,0.7269508333246871,0.5455527021325671
IGa-IAs_chg0_atom033_axis2,IGa-IAs_chg0,4,IGa-IAs,0,interstitial,33,2,0.001,1753738,1.530033596830407,3.74772041388132,0.7125133823425497,0.724419675291067,0.5442553448410857
IGa-IAs_chg0_atom061_axis0,IGa-IAs_chg0,4,IGa-IAs,0,interstitial,61,0,0.001,1753738,1.5300388059592178,4.087341843840599,0.7021392021311573,0.735835093216733,0.550220590607022
IGa-IAs_chg0_atom061_axis1,IGa-IAs_chg0,4,IGa-IAs,0,interstitial,61,1,0.001,1753738,1.5300389863194175,4.031630017497849,0.6911823493744913,0.74883118022378,0.5526649839448186
IGa-IAs_chg0_atom061_axis2,IGa-IAs_chg0,4,IGa-IAs,0,interstitial,61,2,0.001,1753738,1.5300389649652555,4.066107635210221,0.6812505382029975,0.7566883346408012,0.5651693236165517
IGa-IAs_chg6_atom028_axis0,IGa-IAs_chg6,4,IGa-IAs,6,interstitial,28,0,0.001,1753738,2331575.8862427124,1119287.6594414054,93430.7632404964,0.047228192083744285,93430.81046339049
IGa-IAs_chg6_atom028_axis1,IGa-IAs_chg6,4,IGa-IAs,6,interstitial,28,1,0.001,1753738,2331575.886242781,1117020.4736044204,94422.76910928983,0.03960386616552859,94422.8087079094
IGa-IAs_chg6_atom028_axis2,IGa-IAs_chg6,4,IGa-IAs,6,interstitial,28,2,0.001,1753738,2331575.886246359,1069177.4565054984,84350.38364617374,0.061677831832286784,84350.44531813645
IGa-IAs_chg6_atom032_axis0,IGa-IAs_chg6,4,IGa-IAs,6,interstitial,32,0,0.001,1753738,2331575.8862416903,1209116.0751150006,99305.10936652907,0.031179721815169873,99305.14054126308
IGa-IAs_chg6_atom032_axis1,IGa-IAs_chg6,4,IGa-IAs,6,interstitial,32,1,0.001,1753738,2331575.886243824,1282669.7015250027,105520.54943663147,0.04613644975932227,105520.59556839678
IGa-IAs_chg6_atom032_axis2,IGa-IAs_chg6,4,IGa-IAs,6,interstitial,32,2,0.001,1753738,2331575.8862424246,1191812.896206571,85557.69862956808,0.03816586751428386,85557.73678963567
IGa-IAs_chg6_atom033_axis0,IGa-IAs_chg6,4,IGa-IAs,6,interstitial,33,0,0.001,1753738,2331575.8862427464,822570.5757227361,56770.48556568464,-0.060920873949068706,56770.424636062315
IGa-IAs_chg6_atom033_axis1,IGa-IAs_chg6,4,IGa-IAs,6,interstitial,33,1,0.001,1753738,2331575.8862430546,796682.9167511878,55388.33955053446,-0.06098868413909353,55388.27855288261
IGa-IAs_chg6_atom033_axis2,IGa-IAs_chg6,4,IGa-IAs,6,interstitial,33,2,0.001,1753738,2331575.8862430374,855238.4960615892,59355.00839109119,-0.049550597168672925,59354.958832118435
IGa-IAs_chg6_atom061_axis0,IGa-IAs_chg6,4,IGa-IAs,6,interstitial,61,0,0.001,1753738,2331575.8862427035,1224112.8544580098,93688.31135441895,0.04078877260707342,93688.35213790445
IGa-IAs_chg6_atom061_axis1,IGa-IAs_chg6,4,IGa-IAs,6,interstitial,61,1,0.001,1753738,2331575.886240882,1135981.1471067742,85141.10316602325,0.030815136674585793,85141.13397532927
IGa-IAs_chg6_atom061_axis2,IGa-IAs_chg6,4,IGa-IAs,6,interstitial,61,2,0.001,1753738,2331575.886241368,1333786.0078551068,101496.3462227174,0.04514216061243254,101496.39136000548
IGa-IGa_chg-6_atom032_axis0,IGa-IGa_chg-6,3,IGa-IGa,-6,interstitial,32,0,0.001,1743630,45433579.22141213,15650104.986917108,1090199.1574612446,-0.052049497502969805,1090199.1054117857
IGa-IGa_chg-6_atom032_axis1,IGa-IGa_chg-6,3,IGa-IGa,-6,interstitial,32,1,0.001,1743630,45433579.221412316,16148121.606783371,1136035.3670682893,-0.040630483928311915,1136035.326437884
IGa-IGa_chg-6_atom032_axis2,IGa-IGa_chg-6,3,IGa-IGa,-6,interstitial,32,2,0.001,1743630,45433579.221411556,15589811.63983537,1089778.1442141961,-0.05216525772462721,1089778.0920489768
IGa-IGa_chg-6_atom060_axis0,IGa-IGa_chg-6,3,IGa-IGa,-6,interstitial,60,0,0.001,1743630,45433579.2214122,20135515.558830146,1620556.5384026782,-0.002742718045654648,1620556.5356603563
IGa-IGa_chg-6_atom060_axis1,IGa-IGa_chg-6,3,IGa-IGa,-6,interstitial,60,1,0.001,1743630,45433579.22141194,21669617.783962697,1771106.1281240275,0.00593057756418533,1771106.1340550813
IGa-IGa_chg-6_atom060_axis2,IGa-IGa_chg-6,3,IGa-IGa,-6,interstitial,60,2,0.001,1743630,45433579.22141217,20117136.63965528,1622623.6159948197,-0.002598175118323216,1622623.613397042
IGa-IGa_chg-6_atom064_axis0,IGa-IGa_chg-6,3,IGa-IGa,-6,interstitial,64,0,0.001,1743630,45433579.22141195,23086876.24715784,2301330.5018404243,0.16988795428040013,2301330.6717291474
IGa-IGa_chg-6_atom064_axis1,IGa-IGa_chg-6,3,IGa-IGa,-6,interstitial,64,1,0.001,1743630,45433579.22141188,23911974.46489079,2349734.9958541295,0.15712940663871217,2349735.1529843467
IGa-IGa_chg-6_atom064_axis2,IGa-IGa_chg-6,3,IGa-IGa,-6,interstitial,64,2,0.001,1743630,45433579.22141173,23090705.279772718,2322225.0485931113,0.17211127174923993,2322225.2207051595
IGa-IGa_chg-6_atom065_axis0,IGa-IGa_chg-6,3,IGa-IGa,-6,interstitial,65,0,0.001,1743630,45433579.22141207,23183660.929646604,2316785.948742742,0.17211921461715787,2316786.1208627336
IGa-IGa_chg-6_atom065_axis1,IGa-IGa_chg-6,3,IGa-IGa,-6,interstitial,65,1,0.001,1743630,45433579.22141196,23895522.400729574,2344256.3755339193,0.15700944597883107,2344256.5325441766
IGa-IGa_chg-6_atom065_axis2,IGa-IGa_chg-6,3,IGa-IGa,-6,interstitial,65,2,0.001,1743630,45433579.22141192,22919428.957665622,2296035.383076277,0.16992081762764136,2296035.552997859
IGa-IGa_chg0_atom032_axis0,IGa-IGa_chg0,3,IGa-IGa,0,interstitial,32,0,0.001,1743630,1.423449790871805,3.800565281037196,0.7151047677311994,0.7218822073386845,0.5416358478621931
IGa-IGa_chg0_atom032_axis1,IGa-IGa_chg0,3,IGa-IGa,0,interstitial,32,1,0.001,1743630,1.4234498474780726,3.79869729392788,0.71501713462298,0.721866921557276,0.5420298974396164
IGa-IGa_chg0_atom032_axis2,IGa-IGa_chg0,3,IGa-IGa,0,interstitial,32,2,0.001,1743630,1.4234491127969815,3.7505374181821516,0.7152038079281493,0.7217835923584847,0.5415391997319656
IGa-IGa_chg0_atom060_axis0,IGa-IGa_chg0,3,IGa-IGa,0,interstitial,60,0,0.001,1743630,1.423449686518223,3.976040045263466,0.6907225429234006,0.74496465776989,0.5658837469246525
IGa-IGa_chg0_atom060_axis1,IGa-IGa_chg0,3,IGa-IGa,0,interstitial,60,1,0.001,1743630,1.423449590464534,4.0594143021064575,0.6944204744466409,0.7398684361832871,0.5677490061604689
IGa-IGa_chg0_atom060_axis2,IGa-IGa_chg0,3,IGa-IGa,0,interstitial,60,2,0.001,1743630,1.4234504001709682,3.945787678497851,0.6907807082597671,0.7448593344277712,0.5659923028416519
IGa-IGa_chg0_atom064_axis0,IGa-IGa_chg0,3,IGa-IGa,0,interstitial,64,0,0.001,1743630,1.423449096006148,3.8105062628904554,0.675745194667937,0.7562234899840017,0.5873876675980372
IGa-IGa_chg0_atom064_axis1,IGa-IGa_chg0,3,IGa-IGa,0,interstitial,64,1,0.001,1743630,1.4234496088725486,3.7896478010405477,0.6815711484315066,0.7480375397525881,0.592797753442141
IGa-IGa_chg0_atom064_axis2,IGa-IGa_chg0,3,IGa-IGa,0,interstitial,64,2,0.001,1743630,1.4234503859565542,3.7404134413065653,0.6750735325419128,0.7568694556081061,0.5878261263357611
IGa-IGa_chg0_atom065_axis0,IGa-IGa_chg0,3,IGa-IGa,0,interstitial,65,0,0.001,1743630,1.4234488109045882,3.8091147122611386,0.6750325020085045,0.756889316780451,0.5879209273563232
IGa-IGa_chg0_atom065_axis1,IGa-IGa_chg0,3,IGa-IGa,0,interstitial,65,1,0.001,1743630,1.4234492743238256,3.7890445101601107,0.6816365928299561,0.7479442848189922,0.592866569209745
IGa-IGa_chg0_atom065_axis2,IGa-IGa_chg0,3,IGa-IGa,0,interstitial,65,2,0.001,1743630,1.4234501104925663,3.73782115061826,0.6755926910716046,0.7564271150673547,0.587289701586958
IGa-IGa_chg6_atom032_axis0,IGa-IGa_chg6,3,IGa-IGa,6,interstitial,32,0,0.001,1743630,1739871.2326159293,730288.3173521446,53998.34781383629,-0.06731011798251973,53998.28049452605
IGa-IGa_chg6_atom032_axis1,IGa-IGa_chg6,3,IGa-IGa,6,interstitial,32,1,0.001,1743630,1739871.2326160218,757783.1548853302,54954.01149849235,-0.06460653567568521,54953.94688292186
IGa-IGa_chg6_atom032_axis2,IGa-IGa_chg6,3,IGa-IGa,6,interstitial,32,2,0.001,1743630,1739871.2326155866,727618.8146658718,53965.772836064934,-0.06721109687131785,53965.70561577022
IGa-IGa_chg6_atom060_axis0,IGa-IGa_chg6,3,IGa-IGa,6,interstitial,60,0,0.001,1743630,1739871.2326165028,954623.7134884167,72628.90574176623,0.045524575312646316,72628.95125950292
IGa-IGa_chg6_atom060_axis1,IGa-IGa_chg6,3,IGa-IGa,6,interstitial,60,1,0.001,1743630,1739871.232615949,1014402.0802844905,80427.13852251973,0.005676634983173274,80427.14419297212
IGa-IGa_chg6_atom060_axis2,IGa-IGa_chg6,3,IGa-IGa,6,interstitial,60,2,0.001,1743630,1739871.2326164395,954171.152382761,72640.18650218254,0.04551180534087297,72640.2320071503
IGa-IGa_chg6_atom064_axis0,IGa-IGa_chg6,3,IGa-IGa,6,interstitial,64,0,0.001,1743630,1739871.2326160937,997302.8633611295,83156.04950945928,0.11308057155744827,83156.16258412949
IGa-IGa_chg6_atom064_axis1,IGa-IGa_chg6,3,IGa-IGa,6,interstitial,64,1,0.001,1743630,1739871.2326160357,1064406.4559620044,88159.38115802236,0.09976916790940649,88159.48092161256
IGa-IGa_chg6_atom064_axis2,IGa-IGa_chg6,3,IGa-IGa,6,interstitial,64,2,0.001,1743630,1739871.232615862,1001421.869956131,84199.60540829168,0.1136231980329879,84199.71902566303
IGa-IGa_chg6_atom065_axis0,IGa-IGa_chg6,3,IGa-IGa,6,interstitial,65,0,0.001,1743630,1739871.2326160374,1002787.5540541235,83925.3433201673,0.11344361289218095,83925.45675793402
IGa-IGa_chg6_atom065_axis1,IGa-IGa_chg6,3,IGa-IGa,6,interstitial,65,1,0.001,1743630,1739871.2326161542,1063208.8572326482,87963.83126304962,0.09929935615541634,87963.93055681497
IGa-IGa_chg6_atom065_axis2,IGa-IGa_chg6,3,IGa-IGa,6,interstitial,65,2,0.001,1743630,1739871.232615793,992549.6256752036,82894.44075944304,0.1130132332420888,82894.55376675593
IGa-VAs_chg-6_atom021_axis0,IGa-VAs_chg-6,4,IGa-VAs,-6,substitution,21,0,0.001,1640384,39037132.46523001,15792102.42251639,1093977.0523469558,-0.009603512250374736,1093977.0427434973
IGa-VAs_chg-6_atom021_axis1,IGa-VAs_chg-6,4,IGa-VAs,-6,substitution,21,1,0.001,1640384,39037132.46523011,15798519.09607891,1094652.3864611492,-0.009557337554311061,1094652.376903866
IGa-VAs_chg-6_atom021_axis2,IGa-VAs_chg-6,4,IGa-VAs,-6,substitution,21,2,0.001,1640384,39037132.465230025,15717812.369781122,1093986.3714236927,-0.009598645750055111,1093986.3618251004
IGa-VAs_chg-6_atom039_axis0,IGa-VAs_chg-6,4,IGa-VAs,-6,substitution,39,0,0.001,1640384,39037132.46523067,21483674.903336976,2162162.0016108877,0.022803936642511253,2162162.0244157403
IGa-VAs_chg-6_atom039_axis1,IGa-VAs_chg-6,4,IGa-VAs,-6,substitution,39,1,0.001,1640384,39037132.46523008,21486667.218916427,2162204.490332733,0.02295378062821796,2162204.5132874274
IGa-VAs_chg-6_atom039_axis2,IGa-VAs_chg-6,4,IGa-VAs,-6,substitution,39,2,0.001,1640384,39037132.465230756,21318859.49033143,2162108.0411375817,0.022805850512750435,2162108.0639443467
IGa-VAs_chg-6_atom042_axis0,IGa-VAs_chg-6,4,IGa-VAs,-6,substitution,42,0,0.001,1640384,39037132.465230115,19432367.03495106,1500526.805655522,-0.038976515347857975,1500526.766679391
IGa-VAs_chg-6_atom042_axis1,IGa-VAs_chg-6,4,IGa-VAs,-6,substitution,42,1,0.001,1640384,39037132.46522974,19446548.926531475,1501793.3656483395,-0.03891454261965283,1501793.3267341822
IGa-VAs_chg-6_atom042_axis2,IGa-VAs_chg-6,4,IGa-VAs,-6,substitution,42,2,0.001,1640384,39037132.46523017,19323719.95510401,1500481.0775778592,-0.03897150612034892,1500481.0386067396
IGa-VAs_chg-6_atom060_axis0,IGa-VAs_chg-6,4,IGa-VAs,-6,substitution,60,0,0.001,1640384,39037132.465229824,19444486.431058325,1501038.4998605165,-0.03901627411695948,1501038.4608446236
IGa-VAs_chg-6_atom060_axis1,IGa-VAs_chg-6,4,IGa-VAs,-6,substitution,60,1,0.001,1640384,39037132.465229794,19445951.559094008,1501212.431292157,-0.03897557218759401,1501212.3923169645
IGa-VAs_chg-6_atom060_axis2,IGa-VAs_chg-6,4,IGa-VAs,-6,substitution,60,2,0.001,1640384,39037132.46522984,19337257.271723747,1501145.2588542895,-0.03901509814065425,1501145.2198395722
IGa-VAs_chg0_atom021_axis0,IGa-VAs_chg0,4,IGa-VAs,0,substitution,21,0,0.001,1640384,1.0280087694491893,3.5978582856133023,0.7091081095648905,0.7354968936896725,0.5262363104966005
IGa-VAs_chg0_atom021_axis1,IGa-VAs_chg0,4,IGa-VAs,0,substitution,21,1,0.001,1640384,1.028022821428767,3.586603510840561,0.7090387034638226,0.7355715473514602,0.526283744832712
IGa-VAs_chg0_atom021_axis2,IGa-VAs_chg0,4,IGa-VAs,0,substitution,21,2,0.001,1640384,1.028059100940889,3.5779486206556723,0.7091135319684435,0.7354569125837158,0.5263185098730109
IGa-VAs_chg0_atom039_axis0,IGa-VAs_chg0,4,IGa-VAs,0,substitution,39,0,0.001,1640384,1.0280285326215892,5.104973971160441,0.8096582677603296,0.587066368646044,0.600974342926059
IGa-VAs_chg0_atom039_axis1,IGa-VAs_chg0,4,IGa-VAs,0,substitution,39,1,0.001,1640384,1.0280165680065256,5.115111072660368,0.8097082057247955,0.5870007903383134,0.6010473655984006
IGa-VAs_chg0_atom039_axis2,IGa-VAs_chg0,4,IGa-VAs,0,substitution,39,2,0.001,1640384,1.0280081726795343,5.0621018000505,0.8099103589144238,0.5867243475849617,0.6008753025547106
IGa-VAs_chg0_atom042_axis0,IGa-VAs_chg0,4,IGa-VAs,0,substitution,42,0,0.001,1640384,1.0280146019531424,5.158431722902238,0.7409227023704469,0.6832422166094071,0.5575983650059562
IGa-VAs_chg0_atom042_axis1,IGa-VAs_chg0,4,IGa-VAs,0,substitution,42,1,0.001,1640384,1.0280197345516167,5.081048659007625,0.7403231577134439,0.6837261787871601,0.5589869892508181
IGa-VAs_chg0_atom042_axis2,IGa-VAs_chg0,4,IGa-VAs,0,substitution,42,2,0.001,1640384,1.0280104313311704,5.023179526635142,0.7405314818639018,0.6835210813169591,0.5586693923546479
IGa-VAs_chg0_atom060_axis0,IGa-VAs_chg0,4,IGa-VAs,0,substitution,60,0,0.001,1640384,1.0280048662503076,5.090841001510936,0.7403185658099117,0.6837831250679753,0.558759363282257
IGa-VAs_chg0_atom060_axis1,IGa-VAs_chg0,4,IGa-VAs,0,substitution,60,1,0.001,1640384,1.0280035285548,5.0805087533028805,0.7402608013582412,0.6838292537429015,0.5588952619608497
IGa-VAs_chg0_atom060_axis2,IGa-VAs_chg0,4,IGa-VAs,0,substitution,60,2,0.001,1640384,1.0280106607567108,5.012876271283476,0.7402104407850795,0.6838748490811196,0.5589896784104293
IGa-VAs_chg6_atom000_axis0,IGa-VAs_chg6,4,IGa-VAs,6,substitution,0,0,0.001,1740742,1969203.8571299058,768301.3753919655,56686.13570302562,0.03453724362452237,56686.1702314856
IGa-VAs_chg6_atom000_axis1,IGa-VAs_chg6,4,IGa-VAs,6,substitution,0,1,0.001,1740742,1969203.8571294665,795799.9716168034,58276.846204711896,0.0368321346990788,58276.88302830566
IGa-VAs_chg6_atom000_axis2,IGa-VAs_chg6,4,IGa-VAs,6,substitution,0,2,0.001,1740742,1969203.8571296944,766552.6578611195,56690.317028748614,0.034618259025141374,56690.3516382246
IGa-VAs_chg6_atom028_axis0,IGa-VAs_chg6,4,IGa-VAs,6,substitution,28,0,0.001,1740742,1969203.857129969,738938.798084465,52940.68247278259,-0.005672034136567419,52940.676791329264
IGa-VAs_chg6_atom028_axis1,IGa-VAs_chg6,4,IGa-VAs,6,substitution,28,1,0.001,1740742,1969203.8571295945,781918.4748776179,57598.723919862496,0.005850495479171182,57598.72976170427
IGa-VAs_chg6_atom028_axis2,IGa-VAs_chg6,4,IGa-VAs,6,substitution,28,2,0.001,1740742,1969203.8571296642,737841.1060265807,52941.79383195987,-0.0054477383991898476,52941.78837480247
IGa-VAs_chg6_atom059_axis0,IGa-VAs_chg6,4,IGa-VAs,6,substitution,59,0,0.001,1740742,1969203.8571294986,943150.2460400866,73393.22510739611,0.03010169338026486,73393.25520231575
IGa-VAs_chg6_atom059_axis1,IGa-VAs_chg6,4,IGa-VAs,6,substitution,59,1,0.001,1740742,1969203.8571294735,921872.0072227402,73574.65517379032,0.01711570298488741,73574.67228273246
IGa-VAs_chg6_atom059_axis2,IGa-VAs_chg6,4,IGa-VAs,6,substitution,59,2,0.001,1740742,1969203.8571293324,941978.7564319095,73405.54313185033,0.030299854717599342,73405.57342493249
IGa-VAs_chg6_atom061_axis0,IGa-VAs_chg6,4,IGa-VAs,6,substitution,61,0,0.001,1740742,1969203.8571286576,712454.2920486145,51727.875142028504,-0.04330869745684013,51727.83182370758
IGa-VAs_chg6_atom061_axis1,IGa-VAs_chg6,4,IGa-VAs,6,substitution,61,1,0.001,1740742,1969203.8571285647,703117.4771784516,50096.36933248943,-0.035919014262635836,50096.33340353156
IGa-VAs_chg6_atom061_axis2,IGa-VAs_chg6,4,IGa-VAs,6,substitution,61,2,0.001,1740742,1969203.857129303,712012.3419422319,51714.0664124175,-0.04278833324436529,51714.02361445776
IGa_chg-3_atom019_axis0,IGa_chg-3,1,IGa,-3,interstitial,19,0,0.001,2035679,1.3267137733044359,3.1953907376325614,0.702569501004872,0.7461698819099536,0.521729697423825
IGa_chg-3_atom019_axis1,IGa_chg-3,1,IGa,-3,interstitial,19,1,0.001,2035679,1.3267148274458458,3.4018480249197296,0.7063267327925112,0.7412326905696242,0.5214069527069839
IGa_chg-3_atom019_axis2,IGa_chg-3,1,IGa,-3,interstitial,19,2,0.001,2035679,1.3267145679083543,3.1549717474267323,0.7026141165484767,0.7461751104089931,0.5215779328499554
IGa_chg-3_atom045_axis0,IGa_chg-3,1,IGa,-3,interstitial,45,0,0.001,2035679,1.3267141122878443,3.8090561141079746,0.6937375985086486,0.7442158286431859,0.5567883621715338
IGa_chg-3_atom045_axis1,IGa_chg-3,1,IGa,-3,interstitial,45,1,0.001,2035679,1.3267143434120718,3.8095935068752307,0.693691434415775,0.7444837744607701,0.5561651704474084
IGa_chg-3_atom045_axis2,IGa_chg-3,1,IGa,-3,interstitial,45,2,0.001,2035679,1.3267135891489366,3.7615220521156045,0.6936930161348994,0.7442835577099904,0.5567521872352151
IGa_chg-3_atom046_axis0,IGa_chg-3,1,IGa,-3,interstitial,46,0,0.001,2035679,1.3267145592177274,3.8155184850313493,0.6939631120706599,0.7440813003018591,0.5563533525314973
IGa_chg-3_atom046_axis1,IGa_chg-3,1,IGa,-3,interstitial,46,1,0.001,2035679,1.326714727540501,3.8157477526626837,0.6939188971141318,0.7439823192042823,0.5568109350104186
IGa_chg-3_atom046_axis2,IGa_chg-3,1,IGa,-3,interstitial,46,2,0.001,2035679,1.3267145157906868,3.7677543350531373,0.6939623338425372,0.7439561151741122,0.5567278531581739
IGa_chg-3_atom064_axis0,IGa_chg-3,1,IGa,-3,interstitial,64,0,0.001,2035679,1.3267133261936805,3.3600212051977354,0.6623185190566547,0.771991232574909,0.5858829741384952
IGa_chg-3_atom064_axis1,IGa_chg-3,1,IGa,-3,interstitial,64,1,0.001,2035679,1.32672518683269,3.362057472862508,0.6623416159315855,0.7719662598703448,0.5858793915174669
IGa_chg-3_atom064_axis2,IGa_chg-3,1,IGa,-3,interstitial,64,2,0.001,2035679,1.3267154888842856,3.2860274312808637,0.6623211921625768,0.7719380330178903,0.5860410496978276
IGa_chg0_atom019_axis0,IGa_chg0,1,IGa,0,interstitial,19,0,0.001,2035679,0.9078070062891574,3.275086770648338,0.7052149042030541,0.7442951677756287,0.5177927221272518
IGa_chg0_atom019_axis1,IGa_chg0,1,IGa,0,interstitial,19,1,0.001,2035679,0.9078073943772137,3.281101670630958,0.7082608527377329,0.7395520349453286,0.519164540034684
IGa_chg0_atom019_axis2,IGa_chg0,1,IGa,0,interstitial,19,2,0.001,2035679,0.9078071395822408,3.233961959824709,0.7052481340529859,0.7443071647755091,0.5176618777700291
IGa_chg0_atom045_axis0,IGa_chg0,1,IGa,0,interstitial,45,0,0.001,2035679,0.9078062061550238,3.9077342269889184,0.6964724074781039,0.743223379834979,0.5496909362704715
IGa_chg0_atom045_axis1,IGa_chg0,1,IGa,0,interstitial,45,1,0.001,2035679,0.9078064717391098,3.9074765448099016,0.6964053268232346,0.7435375612104929,0.5490421007004941
IGa_chg0_atom045_axis2,IGa_chg0,1,IGa,0,interstitial,45,2,0.001,2035679,0.9078063035225177,3.8582312839826662,0.6963862041690421,0.7433702310392445,0.5495841485857311
IGa_chg0_atom046_axis0,IGa_chg0,1,IGa,0,interstitial,46,0,0.001,2035679,0.9078068082615286,3.912958860216839,0.6967449497712485,0.7430844663683074,0.5491049592290668
IGa_chg0_atom046_axis1,IGa_chg0,1,IGa,0,interstitial,46,1,0.001,2035679,0.9078069474817226,3.913500918807111,0.6966674405993939,0.743016662734692,0.5495760157830195
IGa_chg0_atom046_axis2,IGa_chg0,1,IGa,0,interstitial,46,2,0.001,2035679,0.9078060667738497,3.8639787396638745,0.6966795675392654,0.7430262660618708,0.549505073721303
IGa_chg0_atom064_axis0,IGa_chg0,1,IGa,0,interstitial,64,0,0.001,2035679,0.9078064364973136,3.519897532727279,0.6681633416962471,0.7690309298024939,0.5744780522090355
IGa_chg0_atom064_axis1,IGa_chg0,1,IGa,0,interstitial,64,1,0.001,2035679,0.9078061764010154,3.521317482902173,0.6682051511654653,0.7689899083747952,0.5744555843426369
IGa_chg0_atom064_axis2,IGa_chg0,1,IGa,0,interstitial,64,2,0.001,2035679,0.9078066858156616,3.4471617114390445,0.6681907863695066,0.768943440006684,0.5746422796428698
IGa_chg3_atom019_axis0,IGa_chg3,1,IGa,3,interstitial,19,0,0.001,2035679,1.0478848946451393,3.522407604555316,0.702891066523094,0.7480318364466111,0.516498945184733
IGa_chg3_atom019_axis1,IGa_chg3,1,IGa,3,interstitial,19,1,0.001,2035679,1.047884464066967,3.5110423140476303,0.7062409082899518,0.7431702180818394,0.517165365066583
IGa_chg3_atom019_axis2,IGa_chg3,1,IGa,3,interstitial,19,2,0.001,2035679,1.0478849979661906,3.4757608429578726,0.7029319675732534,0.7480416648748228,0.5163529007417235
IGa_chg3_atom045_axis0,IGa_chg3,1,IGa,3,interstitial,45,0,0.001,2035679,1.0478850010221654,4.0765048939550494,0.6982894029360954,0.7394361605088976,0.5540340954681626
IGa_chg3_atom045_axis1,IGa_chg3,1,IGa,3,interstitial,45,1,0.001,2035679,1.0478841455784513,4.076542387005366,0.6982796703386348,0.7396618587379284,0.553398165871456
IGa_chg3_atom045_axis2,IGa_chg3,1,IGa,3,interstitial,45,2,0.001,2035679,1.047885095479699,4.020797553396459,0.6981439466719607,0.739651000316749,0.5539400083301602
IGa_chg3_atom046_axis0,IGa_chg3,1,IGa,3,interstitial,46,0,0.001,2035679,1.0478839387511638,4.080353859327838,0.698596506947163,0.7392343430290131,0.5534804912985906
IGa_chg3_atom046_axis1,IGa_chg3,1,IGa,3,interstitial,46,1,0.001,2035679,1.0478840260255378,4.081345044491783,0.698540964688527,0.7391516410259753,0.5539365558419005
IGa_chg3_atom046_axis2,IGa_chg3,1,IGa,3,interstitial,46,2,0.001,2035679,1.0478841886501544,4.027272543664407,0.6985162001460177,0.7392021904552935,0.5538787967870668
IGa_chg3_atom064_axis0,IGa_chg3,1,IGa,3,interstitial,64,0,0.001,2035679,1.047884772373692,3.5369974096406724,0.6663781541379711,0.767165799316788,0.5866022150756576
IGa_chg3_atom064_axis1,IGa_chg3,1,IGa,3,interstitial,64,1,0.001,2035679,1.0478848297715952,3.538009453095489,0.6663981007289028,0.7671526456045267,0.5865713334113196
IGa_chg3_atom064_axis2,IGa_chg3,1,IGa,3,interstitial,64,2,0.001,2035679,1.0478848231917364,3.463399061212605,0.6663701588192844,0.767118618107411,0.5867851414255332
Perf_chg-3_atom007_axis0,Perf_chg-3,0,Perf,-3,perfect,7,0,0.001,2010048,1.0872716900081811,3.284248490535286,0.7051578288116951,0.7427457924861203,0.5215696730910429
Perf_chg-3_atom007_axis1,Perf_chg-3,0,Perf,-3,perfect,7,1,0.001,2010048,1.0872717142634911,3.2840071291054667,0.7051150496688593,0.7427825928597949,0.5216192741890768
Perf_chg-3_atom007_axis2,Perf_chg-3,0,Perf,-3,perfect,7,2,0.001,2010048,1.0872716207139603,3.241357383045945,0.7051177424360632,0.7427981363041395,0.5215740372655412
Perf_chg-3_atom028_axis0,Perf_chg-3,0,Perf,-3,perfect,28,0,0.001,2010048,1.087271841745748,3.284669369484635,0.7051591822058014,0.7427620859283899,0.5215269428288826
Perf_chg-3_atom028_axis1,Perf_chg-3,0,Perf,-3,perfect,28,1,0.001,2010048,1.0872718416887412,3.2846066060457932,0.7051809318031127,0.7427394128767468,0.5215110647393186
Perf_chg-3_atom028_axis2,Perf_chg-3,0,Perf,-3,perfect,28,2,0.001,2010048,1.087271722870367,3.2417402134063544,0.7051475351058715,0.7427791673419539,0.5215237997155353
Perf_chg-3_atom032_axis0,Perf_chg-3,0,Perf,-3,perfect,32,0,0.001,2010048,1.0872717731337216,3.536482612763476,0.703809053919789,0.7337006775622803,0.5502235164897761
Perf_chg-3_atom032_axis1,Perf_chg-3,0,Perf,-3,perfect,32,1,0.001,2010048,1.0872717747967449,3.5366436383195117,0.7038213152695062,0.7336870018922975,0.5502174933253073
Perf_chg-3_atom032_axis2,Perf_chg-3,0,Perf,-3,perfect,32,2,0.001,2010048,1.0872716813666914,3.4857845160937546,0.7038274669132815,0.7336817137060118,0.5502097534271527
Perf_chg-3_atom060_axis0,Perf_chg-3,0,Perf,-3,perfect,60,0,0.001,2010048,1.087271803157067,3.5361605970770693,0.7038559453503461,0.7335669165757797,0.5504450639750796
Perf_chg-3_atom060_axis1,Perf_chg-3,0,Perf,-3,perfect,60,1,0.001,2010048,1.0872718025292205,3.536600036468101,0.7038514329635746,0.733574283839698,0.5504402629801382
Perf_chg-3_atom060_axis2,Perf_chg-3,0,Perf,-3,perfect,60,2,0.001,2010048,1.0872717358198634,3.4849965282928985,0.7038595312231419,0.7335620892240933,0.5504457916401146
Perf_chg0_atom007_axis0,Perf_chg0,0,Perf,0,perfect,7,0,0.001,2010048,0.5660472609099065,3.2677518728026658,0.706314605577969,0.7421840740712901,0.5192098113003818
Perf_chg0_atom007_axis1,Perf_chg0,0,Perf,0,perfect,7,1,0.001,2010048,0.5660472625057708,3.2667454998295065,0.7062826088642751,0.7422173568860023,0.5192336614116899
Perf_chg0_atom007_axis2,Perf_chg0,0,Perf,0,perfect,7,2,0.001,2010048,0.5660471920635618,3.224736313974384,0.7062825262060789,0.7422305930043075,0.5192031058732807
Perf_chg0_atom028_axis0,Perf_chg0,0,Perf,0,perfect,28,0,0.001,2010048,0.5660474549385272,3.267773006114783,0.7063385306288208,0.7421836060134797,0.5191351249909302
Perf_chg0_atom028_axis1,Perf_chg0,0,Perf,0,perfect,28,1,0.001,2010048,0.5660474540289396,3.2682845809010588,0.7063568803250746,0.7421589008793646,0.5191345153573899
Perf_chg0_atom028_axis2,Perf_chg0,0,Perf,0,perfect,28,2,0.001,2010048,0.566047375070222,3.225782525930968,0.7063532393693365,0.742166420252317,0.5191285442803031
Perf_chg0_atom032_axis0,Perf_chg0,0,Perf,0,perfect,32,0,0.001,2010048,0.5660471409787319,3.798445569616424,0.7089706216193975,0.7306764372152766,0.5395550144981599
Perf_chg0_atom032_axis1,Perf_chg0,0,Perf,0,perfect,32,1,0.001,2010048,0.5660471432559887,3.79796048497225,0.708934541944515,0.7307187900598586,0.5395692807509601
Perf_chg0_atom032_axis2,Perf_chg0,0,Perf,0,perfect,32,2,0.001,2010048,0.5660470961712447,3.7474100273693507,0.708951224112576,0.7306955390466273,0.5395730418000464
Perf_chg0_atom060_axis0,Perf_chg0,0,Perf,0,perfect,60,0,0.001,2010048,0.5660471480021668,3.79858152883955,0.708972764799665,0.7305904199246904,0.539790150234617
Perf_chg0_atom060_axis1,Perf_chg0,0,Perf,0,perfect,60,1,0.001,2010048,0.5660471416916555,3.797413777926864,0.708937395010444,0.7306254433985604,0.5398224859111969
Perf_chg0_atom060_axis2,Perf_chg0,0,Perf,0,perfect,60,2,0.001,2010048,0.5660471213617804,3.7464903387429036,0.7089494074977095,0.730614516448589,0.5398087669619744
Perf_chg3_atom007_axis0,Perf_chg3,0,Perf,3,perfect,7,0,0.001,2010048,0.5657757908019857,3.4406638243883747,0.7040817758510373,0.7452590524758191,0.5191126344561868
Perf_chg3_atom007_axis1,Perf_chg3,0,Perf,3,perfect,7,1,0.001,2010048,0.5657758253421932,3.440504391362394,0.7040520302318192,0.7452895436909251,0.5191352485537806
Perf_chg3_atom007_axis2,Perf_chg3,0,Perf,3,perfect,7,2,0.001,2010048,0.5657757756452455,3.3937893679957494,0.7040674553441526,0.7452879230905326,0.5190909514490187
Perf_chg3_atom028_axis0,Perf_chg3,0,Perf,3,perfect,28,0,0.001,2010048,0.5657759431205632,3.441533309208315,0.704088857970777,0.7452671802581409,0.5190719329850789
Perf_chg3_atom028_axis1,Perf_chg3,0,Perf,3,perfect,28,1,0.001,2010048,0.5657759487077538,3.441331663302335,0.7040778311717776,0.7452781846899387,0.5190810031807636
Perf_chg3_atom028_axis2,Perf_chg3,0,Perf,3,perfect,28,2,0.001,2010048,0.565775878431448,3.393885471514553,0.7040891854475382,0.7452739608156389,0.5190553547408568
Perf_chg3_atom032_axis0,Perf_chg3,0,Perf,3,perfect,32,0,0.001,2010048,0.5657753898078325,3.897050479126618,0.7121773989050726,0.7263242538321351,0.5399279845121192
Perf_chg3_atom032_axis1,Perf_chg3,0,Perf,3,perfect,32,1,0.001,2010048,0.565775395233379,3.896928767170174,0.7122067786191119,0.726295821252143,0.5398980866099145
Perf_chg3_atom032_axis2,Perf_chg3,0,Perf,3,perfect,32,2,0.001,2010048,0.5657753197431418,3.8402993456056143,0.712168231385166,0.7263357899500745,0.5399295948891519
Perf_chg3_atom060_axis0,Perf_chg3,0,Perf,3,perfect,60,0,0.001,2010048,0.5657753720723803,3.8970135882282713,0.7121866615488013,0.726235481394467,0.5401499759818338
Perf_chg3_atom060_axis1,Perf_chg3,0,Perf,3,perfect,60,1,0.001,2010048,0.5657753697630483,3.8975784023003817,0.7122016764914055,0.7262189040292751,0.5401406286529024
Perf_chg3_atom060_axis2,Perf_chg3,0,Perf,3,perfect,60,2,0.001,2010048,0.5657753399992416,3.8411698593564525,0.712184554472438,0.7262394214961234,0.5401466033527974
VAs-VAs_chg-6_atom030_axis0,VAs-VAs_chg-6,2,VAs-VAs,-6,vacancy,30,0,0.001,1617280,36958821.72172945,16497562.327473598,1109903.7936007308,-0.061684298275056046,1109903.7319164819
VAs-VAs_chg-6_atom030_axis1,VAs-VAs_chg-6,2,VAs-VAs,-6,vacancy,30,1,0.001,1617280,36958821.72172982,16872844.857965633,1147861.233498573,-0.053412832532567685,1147861.1800858201
VAs-VAs_chg-6_atom030_axis2,VAs-VAs_chg-6,2,VAs-VAs,-6,vacancy,30,2,0.001,1617280,36958821.72172951,16427807.428021595,1109945.8761042145,-0.06167926223230747,1109945.814424999
VAs-VAs_chg-6_atom035_axis0,VAs-VAs_chg-6,2,VAs-VAs,-6,vacancy,35,0,0.001,1617280,36958821.72172878,12483467.7373909,882781.3032408048,-0.039987458101422214,882781.2632532188
VAs-VAs_chg-6_atom035_axis1,VAs-VAs_chg-6,2,VAs-VAs,-6,vacancy,35,1,0.001,1617280,36958821.72172875,12278751.639395827,850591.0154752367,-0.03693659332233661,850590.9785384751
VAs-VAs_chg-6_atom035_axis2,VAs-VAs_chg-6,2,VAs-VAs,-6,vacancy,35,2,0.001,1617280,36958821.72172898,12846739.061219525,901378.0987421945,-0.04219399823186379,901378.0565480855
VAs-VAs_chg-6_atom049_axis0,VAs-VAs_chg-6,2,VAs-VAs,-6,vacancy,49,0,0.001,1617280,36958821.72172908,12868747.110625232,901276.0593482881,-0.04219970037210866,901276.0171484733
VAs-VAs_chg-6_atom049_axis1,VAs-VAs_chg-6,2,VAs-VAs,-6,vacancy,49,1,0.001,1617280,36958821.721728444,12282753.194906874,851080.8215337448,-0.03694901019271458,851080.7845845643
VAs-VAs_chg-6_atom049_axis2,VAs-VAs_chg-6,2,VAs-VAs,-6,vacancy,49,2,0.001,1617280,36958821.721730225,12454571.84264675,882453.7080674928,-0.03997008001315758,882453.6680972814
VAs-VAs_chg-6_atom058_axis0,VAs-VAs_chg-6,2,VAs-VAs,-6,vacancy,58,0,0.001,1617280,36958821.7217285,9026926.668910565,715592.0910832704,0.005801933143208658,715592.0968849174
VAs-VAs_chg-6_atom058_axis1,VAs-VAs_chg-6,2,VAs-VAs,-6,vacancy,58,1,0.001,1617280,36958821.721728474,10719002.60609273,803418.026392874,0.03835641643403423,803418.0647490912
VAs-VAs_chg-6_atom058_axis2,VAs-VAs_chg-6,2,VAs-VAs,-6,vacancy,58,2,0.001,1617280,36958821.721725084,9023950.67810752,714857.1246834026,0.005299580272857208,714857.129982694
VAs-VAs_chg0_atom030_axis0,VAs-VAs_chg0,2,VAs-VAs,0,vacancy,30,0,0.001,1617280,0.9515905644339954,4.215994657673771,0.7078351463219658,0.7315393449091643,0.5413278638697538
VAs-VAs_chg0_atom030_axis1,VAs-VAs_chg0,2,VAs-VAs,0,vacancy,30,1,0.001,1617280,0.9515918728103026,4.222499480322271,0.7083419570343781,0.7309020006564176,0.541254794878725
VAs-VAs_chg0_atom030_axis2,VAs-VAs_chg0,2,VAs-VAs,0,vacancy,30,2,0.001,1617280,0.9515905611518481,4.159683642591117,0.707838655264288,0.7315333377499146,0.5413319020920379
VAs-VAs_chg0_atom035_axis0,VAs-VAs_chg0,2,VAs-VAs,0,vacancy,35,0,0.001,1617280,0.9515884198233557,3.8090553111857877,0.7287187444228054,0.7014916603438136,0.5494339147155379
VAs-VAs_chg0_atom035_axis1,VAs-VAs_chg0,2,VAs-VAs,0,vacancy,35,1,0.001,1617280,0.9515893891008849,3.8599351024315176,0.7334196494658072,0.6954293589248682,0.5487106638731083
VAs-VAs_chg0_atom035_axis2,VAs-VAs_chg0,2,VAs-VAs,0,vacancy,35,2,0.001,1617280,0.9515883465481751,3.8264269477114654,0.7344049924237729,0.6937927999542046,0.549920835465841
VAs-VAs_chg0_atom049_axis0,VAs-VAs_chg0,2,VAs-VAs,0,vacancy,49,0,0.001,1617280,0.951588362440806,3.86812130447356,0.7344013239700438,0.6938011328422864,0.5499077119270815
VAs-VAs_chg0_atom049_axis1,VAs-VAs_chg0,2,VAs-VAs,0,vacancy,49,1,0.001,1617280,0.9515894548552681,3.8636188388354045,0.7334325696284044,0.6954143249971302,0.5487023023015508
VAs-VAs_chg0_atom049_axis2,VAs-VAs_chg0,2,VAs-VAs,0,vacancy,49,2,0.001,1617280,0.95158846658357,3.7675994077032877,0.7287505898765944,0.7014569384391232,0.5494067535317837
VAs-VAs_chg0_atom058_axis0,VAs-VAs_chg0,2,VAs-VAs,0,vacancy,58,0,0.001,1617280,0.9515903503755715,3.0940673948983664,0.7803889781437273,0.6267292407348215,0.5843441206932344
VAs-VAs_chg0_atom058_axis1,VAs-VAs_chg0,2,VAs-VAs,0,vacancy,58,1,0.001,1617280,0.951588528512416,3.297201100827129,0.7547935683369842,0.6638769748165706,0.5616714539527063
VAs-VAs_chg0_atom058_axis2,VAs-VAs_chg0,2,VAs-VAs,0,vacancy,58,2,0.001,1617280,0.951590430812113,3.0798009283880847,0.7804061028448257,0.626705780787318,0.5843522563723592
VAs-VAs_chg6_atom030_axis0,VAs-VAs_chg6,2,VAs-VAs,6,vacancy,30,0,0.001,1617280,1508642.2032102942,750134.7644301542,51246.78865656924,-0.032810004866137166,51246.75583684182
VAs-VAs_chg6_atom030_axis1,VAs-VAs_chg6,2,VAs-VAs,6,vacancy,30,1,0.001,1617280,1508642.2032106246,780274.7977332176,52612.5913415653,-0.029264746686370212,52612.56206734748
VAs-VAs_chg6_atom030_axis2,VAs-VAs_chg6,2,VAs-VAs,6,vacancy,30,2,0.001,1617280,1508642.2032102875,746962.049029336,51249.7757118525,-0.03281420927497821,51249.742887921115
VAs-VAs_chg6_atom035_axis0,VAs-VAs_chg6,2,VAs-VAs,6,vacancy,35,0,0.001,1617280,1508642.2032100796,593969.1226214966,40969.43354969345,-0.031121118564092182,40969.40241640248
VAs-VAs_chg6_atom035_axis1,VAs-VAs_chg6,2,VAs-VAs,6,vacancy,35,1,0.001,1617280,1508642.2032096277,572108.7846572939,38968.96620165685,-0.030142624734038552,38968.9360462319
VAs-VAs_chg6_atom035_axis2,VAs-VAs_chg6,2,VAs-VAs,6,vacancy,35,2,0.001,1617280,1508642.2032096374,600565.1352440506,40695.718981367885,-0.026996283654264874,40695.691972826375
VAs-VAs_chg6_atom049_axis0,VAs-VAs_chg6,2,VAs-VAs,6,vacancy,49,0,0.001,1617280,1508642.2032101562,601152.8611108938,40701.83311391035,-0.02699879145634167,40701.80610286292
VAs-VAs_chg6_atom049_axis1,VAs-VAs_chg6,2,VAs-VAs,6,vacancy,49,1,0.001,1617280,1508642.2032095904,572388.3025513331,38969.704538466714,-0.030130889101417504,38969.67439477771
VAs-VAs_chg6_atom049_axis2,VAs-VAs_chg6,2,VAs-VAs,6,vacancy,49,2,0.001,1617280,1508642.2032097464,593280.8142490513,40979.235775008594,-0.031154970495524868,40979.20460786862
VAs-VAs_chg6_atom058_axis0,VAs-VAs_chg6,2,VAs-VAs,6,vacancy,58,0,0.001,1617280,1508642.2032095885,443912.8901314636,33955.614602314236,-0.040522251829872576,33955.57406538039
VAs-VAs_chg6_atom058_axis1,VAs-VAs_chg6,2,VAs-VAs,6,vacancy,58,1,0.001,1617280,1508642.203209437,520195.5964394089,38478.80406002993,0.0231790667113636,38478.827226129375
VAs-VAs_chg6_atom058_axis2,VAs-VAs_chg6,2,VAs-VAs,6,vacancy,58,2,0.001,1617280,1508642.2032095888,444093.3116611517,33953.94129733663,-0.040519126226577856,33953.900763527694
VAs-VGa_chg-6_atom007_axis0,VAs-VGa_chg-6,3,VAs-VGa,-6,vacancy,7,0,0.001,1612948,1.6981738518663623,3.2680408496210824,0.7303643881928471,0.704423973146032,0.5322459446881183
VAs-VGa_chg-6_atom007_axis1,VAs-VGa_chg-6,3,VAs-VGa,-6,vacancy,7,1,0.001,1612948,1.6981720070059019,3.2672190807056016,0.730377440330631,0.704435904606828,0.5321537260634097
VAs-VGa_chg-6_atom007_axis2,VAs-VGa_chg-6,3,VAs-VGa,-6,vacancy,7,2,0.001,1612948,1.6981709108171352,3.4585961686599447,0.7277347877075979,0.7099228294275759,0.5266515960526623
VAs-VGa_chg-6_atom016_axis0,VAs-VGa_chg-6,3,VAs-VGa,-6,vacancy,16,0,0.001,1612948,1.6981709642619482,3.4966197021758947,0.7277112114238121,0.7099536302952122,0.5266567006925745
VAs-VGa_chg-6_atom016_axis1,VAs-VGa_chg-6,3,VAs-VGa,-6,vacancy,16,1,0.001,1612948,1.6981719691273989,3.2649920088628894,0.7303880509099924,0.7044207288813367,0.5321556186868459
VAs-VGa_chg-6_atom016_axis2,VAs-VGa_chg-6,3,VAs-VGa,-6,vacancy,16,2,0.001,1612948,1.6981737970008028,3.236235694080463,0.7303679667532912,0.7044203779506453,0.5322418783289473
VAs-VGa_chg-6_atom021_axis0,VAs-VGa_chg-6,3,VAs-VGa,-6,vacancy,21,0,0.001,1612948,1.6981724204751258,3.7347164741409458,0.7046244373008587,0.7379488980922557,0.5353059267422251
VAs-VGa_chg-6_atom021_axis1,VAs-VGa_chg-6,3,VAs-VGa,-6,vacancy,21,1,0.001,1612948,1.6981744244337134,3.735462919315167,0.7045550476650155,0.7379605399701394,0.5355165384691879
VAs-VGa_chg-6_atom021_axis2,VAs-VGa_chg-6,3,VAs-VGa,-6,vacancy,21,2,0.001,1612948,1.6981724017464594,3.6886617205662104,0.704639114236332,0.7379317058484776,0.5353003069769092
VAs-VGa_chg-6_atom041_axis0,VAs-VGa_chg-6,3,VAs-VGa,-6,vacancy,41,0,0.001,1612948,1.6981720414700814,3.5485501657153065,0.7249111135121459,0.7093173292898247,0.5401215961144475
VAs-VGa_chg-6_atom041_axis1,VAs-VGa_chg-6,3,VAs-VGa,-6,vacancy,41,1,0.001,1612948,1.6981708895850232,3.5922061385638924,0.7266784241923286,0.7063551292775452,0.542041098093883
VAs-VGa_chg-6_atom041_axis2,VAs-VGa_chg-6,3,VAs-VGa,-6,vacancy,41,2,0.001,1612948,1.698172022762631,3.510360213641675,0.7249037582011337,0.7093275611826828,0.5401204463559305
VAs-VGa_chg0_atom009_axis0,VAs-VGa_chg0,3,VAs-VGa,0,vacancy,9,0,0.001,1601396,0.8140739816956678,3.795064762855464,0.7089649186740493,0.7357480941724148,0.5260900058731794
VAs-VGa_chg0_atom009_axis1,VAs-VGa_chg0,3,VAs-VGa,0,vacancy,9,1,0.001,1601396,0.8140727955444428,3.6619788285008283,0.7107970578996807,0.7332089399033119,0.5262601368784351
VAs-VGa_chg0_atom009_axis2,VAs-VGa_chg0,3,VAs-VGa,0,vacancy,9,2,0.001,1601396,0.8140725334823526,3.613857338410871,0.7107377990866095,0.7332072194778698,0.526468142994022
VAs-VGa_chg0_atom021_axis0,VAs-VGa_chg0,3,VAs-VGa,0,vacancy,21,0,0.001,1601396,0.8140736160660126,3.7507273748485495,0.7125775231708742,0.7320775895917752,0.52302179868589
VAs-VGa_chg0_atom021_axis1,VAs-VGa_chg0,3,VAs-VGa,0,vacancy,21,1,0.001,1601396,0.8140723668612888,3.4866679769433464,0.7114179799845661,0.7310864759206906,0.5295846706684533
VAs-VGa_chg0_atom021_axis2,VAs-VGa_chg0,3,VAs-VGa,0,vacancy,21,2,0.001,1601396,0.8140676923720332,3.4397309329824446,0.7113564794770523,0.7311798149077847,0.52955649625882
VAs-VGa_chg0_atom048_axis0,VAs-VGa_chg0,3,VAs-VGa,0,vacancy,48,0,0.001,1601396,0.8140706853314603,4.067881594098027,0.7173383303475749,0.7174935160096281,0.5461131621117759
VAs-VGa_chg0_atom048_axis1,VAs-VGa_chg0,3,VAs-VGa,0,vacancy,48,1,0.001,1601396,0.8140721119885956,4.353217241936946,0.7176151124213745,0.7139943449142864,0.5566432275188962
VAs-VGa_chg0_atom048_axis2,VAs-VGa_chg0,3,VAs-VGa,0,vacancy,48,2,0.001,1601396,0.814072562826251,4.016476216147441,0.7172892977053265,0.717671640578169,0.5457515420055803
VAs-VGa_chg0_atom054_axis0,VAs-VGa_chg0,3,VAs-VGa,0,vacancy,54,0,0.001,1601396,0.8140726819813675,4.062942591603512,0.7174782103489912,0.7171197866530431,0.546720928865379
VAs-VGa_chg0_atom054_axis1,VAs-VGa_chg0,3,VAs-VGa,0,vacancy,54,1,0.001,1601396,0.8140742807644048,4.064600212084454,0.7173008170178875,0.7174116215184979,0.5465318486231254
VAs-VGa_chg0_atom054_axis2,VAs-VGa_chg0,3,VAs-VGa,0,vacancy,54,2,0.001,1601396,0.8140685678364623,4.295971934444946,0.7177519823011964,0.7136486510989051,0.5572443502851795
VAs-VGa_chg6_atom007_axis0,VAs-VGa_chg6,3,VAs-VGa,6,vacancy,7,0,0.001,1612948,1.020948706349713,3.4560631104211423,0.7246552692150318,0.7166677136314168,0.5198483269763625
VAs-VGa_chg6_atom007_axis1,VAs-VGa_chg6,3,VAs-VGa,6,vacancy,7,1,0.001,1612948,1.0209477553922555,3.4621243310741723,0.724736046657368,0.7165951336901172,0.5197425925498405
VAs-VGa_chg6_atom007_axis2,VAs-VGa_chg6,3,VAs-VGa,6,vacancy,7,2,0.001,1612948,1.0209463289443237,3.3017172652584303,0.7179051865711994,0.7255892328698048,0.5209735155779041
VAs-VGa_chg6_atom016_axis0,VAs-VGa_chg6,3,VAs-VGa,6,vacancy,16,0,0.001,1612948,1.0209482828738272,3.339734663263249,0.7178935678395562,0.7256062921370005,0.5209708457092667
VAs-VGa_chg6_atom016_axis1,VAs-VGa_chg6,3,VAs-VGa,6,vacancy,16,1,0.001,1612948,1.0209458316050914,3.454718600118744,0.7247115884622337,0.7166154283349588,0.5197790531914508
VAs-VGa_chg6_atom016_axis2,VAs-VGa_chg6,3,VAs-VGa,6,vacancy,16,2,0.001,1612948,1.0209458267306062,3.4259353478654946,0.7246314083402643,0.7167023385485771,0.5198447249424987
VAs-VGa_chg6_atom021_axis0,VAs-VGa_chg6,3,VAs-VGa,6,vacancy,21,0,0.001,1612948,1.0209476236458421,3.5854210095675936,0.7097700465709762,0.7362496374811076,0.522153753118799
VAs-VGa_chg6_atom021_axis1,VAs-VGa_chg6,3,VAs-VGa,6,vacancy,21,1,0.001,1612948,1.0209405354333283,3.589161641096247,0.7097134791751292,0.7362622862357577,0.5223104770440152
VAs-VGa_chg6_atom021_axis2,VAs-VGa_chg6,3,VAs-VGa,6,vacancy,21,2,0.001,1612948,1.0209484813105214,3.5360761361802466,0.7097568156206481,0.7362711988486317,0.5221450314276169
VAs-VGa_chg6_atom041_axis0,VAs-VGa_chg6,3,VAs-VGa,6,vacancy,41,0,0.001,1612948,1.0209454393213817,3.6527672025518405,0.7344874378675927,0.6945114287339739,0.5468025223406658
VAs-VGa_chg6_atom041_axis1,VAs-VGa_chg6,3,VAs-VGa,6,vacancy,41,1,0.001,1612948,1.0209467802283312,3.659028929807051,0.7353777231810741,0.6913988996403769,0.554239014194959
VAs-VGa_chg6_atom041_axis2,VAs-VGa_chg6,3,VAs-VGa,6,vacancy,41,2,0.001,1612948,1.0209473160188312,3.618129352414497,0.734483176558158,0.6945288694380476,0.5467591596516359
VAs_chg-3_atom021_axis0,VAs_chg-3,0,VAs,-3,vacancy,21,0,0.001,1658795,2.354238312078584,3.663271257958416,0.7079883768826305,0.7331303548691528,0.5363369123159998
VAs_chg-3_atom021_axis1,VAs_chg-3,0,VAs,-3,vacancy,21,1,0.001,1658795,2.3542388162941097,3.6625221929718226,0.7079523311700977,0.7330988323975576,0.5365526513807692
VAs_chg-3_atom021_axis2,VAs_chg-3,0,VAs,-3,vacancy,21,2,0.001,1658795,2.354242021785466,3.6160089026785154,0.708030776966866,0.7330945626356611,0.5362819134011175
VAs_chg-3_atom041_axis0,VAs_chg-3,0,VAs,-3,vacancy,41,0,0.001,1658795,2.3542380527114686,3.7580479072472395,0.7333589225495483,0.6959554686437469,0.5470618031684829
VAs_chg-3_atom041_axis1,VAs_chg-3,0,VAs,-3,vacancy,41,1,0.001,1658795,2.354237278670309,3.765785227828845,0.7332545921420134,0.696024179794407,0.547323286198176
VAs_chg-3_atom041_axis2,VAs_chg-3,0,VAs,-3,vacancy,41,2,0.001,1658795,2.3542389392046177,3.724931794866967,0.7333989903158791,0.6959074743976367,0.5470407826249711
VAs_chg-3_atom044_axis0,VAs_chg-3,0,VAs,-3,vacancy,44,0,0.001,1658795,2.3542387430630827,3.763563931386428,0.7333969335621835,0.6958378938500843,0.5473069654996997
VAs_chg-3_atom044_axis1,VAs_chg-3,0,VAs,-3,vacancy,44,1,0.001,1658795,2.354238413317652,3.7604638726698667,0.7333835986605933,0.6958517802634004,0.5473216389431937
VAs_chg-3_atom044_axis2,VAs_chg-3,0,VAs,-3,vacancy,44,2,0.001,1658795,2.354236368126912,3.7182600675854087,0.7336410775332638,0.6954810186642437,0.5474165801014587
VAs_chg-3_atom059_axis0,VAs_chg-3,0,VAs,-3,vacancy,59,0,0.001,1658795,2.354237188692693,3.757223682575281,0.733339693628017,0.6958913975241036,0.547392429854369
VAs_chg-3_atom059_axis1,VAs_chg-3,0,VAs,-3,vacancy,59,1,0.001,1658795,2.354237193729596,3.7606391978545823,0.7334549083714388,0.6956819208558752,0.547596007885165
VAs_chg-3_atom059_axis2,VAs_chg-3,0,VAs,-3,vacancy,59,2,0.001,1658795,2.354237797864046,3.7269200693173614,0.7333377324622314,0.6958853531958531,0.5474243999257834
VAs_chg0_atom021_axis0,VAs_chg0,0,VAs,0,vacancy,21,0,0.001,1658795,1.0799033516866698,3.559940307205039,0.7113765701085962,0.7316129551104266,0.528354153123072
VAs_chg0_atom021_axis1,VAs_chg0,0,VAs,0,vacancy,21,1,0.001,1658795,1.0799036799451627,3.5565817149605246,0.7113051599336007,0.7316292957569529,0.5285616790416527
VAs_chg0_atom021_axis2,VAs_chg0,0,VAs,0,vacancy,21,2,0.001,1658795,1.0799050042733895,3.508340902136226,0.7114066212594622,0.7316050782299777,0.5282694658445702
VAs_chg0_atom041_axis0,VAs_chg0,0,VAs,0,vacancy,41,0,0.001,1658795,1.079903254701376,3.726709843000775,0.7328010912901204,0.6942411654847319,0.5565159490206499
VAs_chg0_atom041_axis1,VAs_chg0,0,VAs,0,vacancy,41,1,0.001,1658795,1.0799040643600382,3.7275658657638786,0.7326909443301987,0.6943139973256783,0.5568078273320033
VAs_chg0_atom041_axis2,VAs_chg0,0,VAs,0,vacancy,41,2,0.001,1658795,1.0799028773563752,3.692515583117386,0.7327753001955338,0.6942646499825045,0.5565582783344492
VAs_chg0_atom044_axis0,VAs_chg0,0,VAs,0,vacancy,44,0,0.001,1658795,1.0799040240396978,3.727624544529512,0.7328621232887638,0.6940877175989527,0.5568118949879388
VAs_chg0_atom044_axis1,VAs_chg0,0,VAs,0,vacancy,44,1,0.001,1658795,1.079903905857412,3.7285170832793466,0.7328773462687446,0.6940789624229184,0.5567661416358978
VAs_chg0_atom044_axis2,VAs_chg0,0,VAs,0,vacancy,44,2,0.001,1658795,1.0799031851028584,3.6917912158944866,0.7330919539988001,0.6937962402196787,0.5567669150325737
VAs_chg0_atom059_axis0,VAs_chg0,0,VAs,0,vacancy,59,0,0.001,1658795,1.0799032235772987,3.728291871953526,0.73281013587604,0.6941384423322098,0.556883670588057
VAs_chg0_atom059_axis1,VAs_chg0,0,VAs,0,vacancy,59,1,0.001,1658795,1.0799021845714847,3.7263052482418,0.7328950368487659,0.6939778031570947,0.5570824916493861
VAs_chg0_atom059_axis2,VAs_chg0,0,VAs,0,vacancy,59,2,0.001,1658795,1.0799027173363545,3.6934157713233624,0.7328493069428622,0.6940946375731761,0.5568522512817433
VAs_chg3_atom021_axis0,VAs_chg3,0,VAs,3,vacancy,21,0,0.001,1658795,0.7412335618044559,3.814724033937454,0.7099046808355387,0.7348882051662841,0.5250660662838931
VAs_chg3_atom021_axis1,VAs_chg3,0,VAs,3,vacancy,21,1,0.001,1658795,0.7412332394173825,3.813569013524681,0.7098688899716536,0.7348514518117415,0.5252792752713947
VAs_chg3_atom021_axis2,VAs_chg3,0,VAs,3,vacancy,21,2,0.001,1658795,0.741233776024476,3.763610910819569,0.7099183997358784,0.7348978387598063,0.5249955574529209
VAs_chg3_atom041_axis0,VAs_chg3,0,VAs,3,vacancy,41,0,0.001,1658795,0.741233492981292,3.85259719339795,0.735702128542872,0.6903890790429877,0.5566179969481249
VAs_chg3_atom041_axis1,VAs_chg3,0,VAs,3,vacancy,41,1,0.001,1658795,0.7412341064223268,3.852056743090474,0.7355606106087241,0.6905067928570949,0.5569064827475637
VAs_chg3_atom041_axis2,VAs_chg3,0,VAs,3,vacancy,41,2,0.001,1658795,0.7412336413610617,3.817029877740107,0.7356884617714571,0.6904012038486566,0.5566427085677346
VAs_chg3_atom044_axis0,VAs_chg3,0,VAs,3,vacancy,44,0,0.001,1658795,0.7412328588948575,3.853748421248503,0.7356935243261367,0.6903268900007032,0.5569245781993419
VAs_chg3_atom044_axis1,VAs_chg3,0,VAs,3,vacancy,44,1,0.001,1658795,0.7412323398853722,3.85298327842292,0.7357167161388036,0.6903184441773131,0.556831962547353
VAs_chg3_atom044_axis2,VAs_chg3,0,VAs,3,vacancy,44,2,0.001,1658795,0.741232104414085,3.8154026188993844,0.7359498410755799,0.6899908544327077,0.5569136295576607
VAs_chg3_atom059_axis0,VAs_chg3,0,VAs,3,vacancy,59,0,0.001,1658795,0.7412324505735162,3.8542359379847917,0.7357568996341421,0.6902424332595783,0.5569276477635758
VAs_chg3_atom059_axis1,VAs_chg3,0,VAs,3,vacancy,59,1,0.001,1658795,0.7412322226170431,3.851181180373687,0.7358328334907764,0.6900924606233357,0.557135463617798
VAs_chg3_atom059_axis2,VAs_chg3,0,VAs,3,vacancy,59,2,0.001,1658795,0.7412328172814117,3.8178993672291983,0.7356524807811515,0.6903678654182233,0.5569798521558926
VGa-IAs_chg-6_atom007_axis0,VGa-IAs_chg-6,3,VGa-IAs,-6,substitution,7,0,0.001,1660600,35134015.61448725,14448054.341475561,1023736.5247167465,-0.012379789969250012,1023736.5123369541
VGa-IAs_chg-6_atom007_axis1,VGa-IAs_chg-6,3,VGa-IAs,-6,substitution,7,1,0.001,1660600,35134015.61448746,14446414.952273669,1023586.8556548558,-0.01233024505295047,1023586.8433246065
VGa-IAs_chg-6_atom007_axis2,VGa-IAs_chg-6,3,VGa-IAs,-6,substitution,7,2,0.001,1660600,35134015.614487424,14393528.486094296,1023654.5690116064,-0.01232706323165709,1023654.5566845399
VGa-IAs_chg-6_atom028_axis0,VGa-IAs_chg-6,3,VGa-IAs,-6,substitution,28,0,0.001,1660600,35134015.61448738,14448539.299238242,1023327.2310650917,-0.012408063975352926,1023327.2186570261
VGa-IAs_chg-6_atom028_axis1,VGa-IAs_chg-6,3,VGa-IAs,-6,substitution,28,1,0.001,1660600,35134015.61448738,14448725.888806274,1023356.7200485151,-0.012407416517743415,1023356.7076410963
VGa-IAs_chg-6_atom028_axis2,VGa-IAs_chg-6,3,VGa-IAs,-6,substitution,28,2,0.001,1660600,35134015.61448737,14394117.386489786,1023301.1527759738,-0.012403712732131988,1023301.1403722585
VGa-IAs_chg-6_atom032_axis0,VGa-IAs_chg-6,3,VGa-IAs,-6,substitution,32,0,0.001,1660600,35134015.61448733,14653097.117392417,968405.8465327268,-0.026392608601688378,968405.8201400252
VGa-IAs_chg-6_atom032_axis1,VGa-IAs_chg-6,3,VGa-IAs,-6,substitution,32,1,0.001,1660600,35134015.61448733,14652571.122618169,968419.1182910607,-0.026368556097921242,968419.0919224115
VGa-IAs_chg-6_atom032_axis2,VGa-IAs_chg-6,3,VGa-IAs,-6,substitution,32,2,0.001,1660600,35134015.61448733,14566334.782551447,968328.7305514632,-0.026393938160945526,968328.7041574311
VGa-IAs_chg-6_atom033_axis0,VGa-IAs_chg-6,3,VGa-IAs,-6,substitution,33,0,0.001,1660600,35134015.614487655,16962817.979932405,1166038.7991171125,-0.04833875349521879,1166038.7507784588
VGa-IAs_chg-6_atom033_axis1,VGa-IAs_chg-6,3,VGa-IAs,-6,substitution,33,1,0.001,1660600,35134015.61448768,16964341.089549623,1166104.122518524,-0.048337095742742205,1166104.0741815274
VGa-IAs_chg-6_atom033_axis2,VGa-IAs_chg-6,3,VGa-IAs,-6,substitution,33,2,0.001,1660600,35134015.614487715,16845160.737838756,1166021.9870630698,-0.04832030570678957,1166021.9387428632
VGa-IAs_chg0_atom007_axis0,VGa-IAs_chg0,3,VGa-IAs,0,substitution,7,0,0.001,1660600,1.0497560304582623,3.475959003065105,0.7007386223051092,0.7489464162475021,0.5210092512206631
VGa-IAs_chg0_atom007_axis1,VGa-IAs_chg0,3,VGa-IAs,0,substitution,7,1,0.001,1660600,1.0497558214515672,3.476118802100109,0.7007476801825507,0.7489818473296678,0.5209004607348435
VGa-IAs_chg0_atom007_axis2,VGa-IAs_chg0,3,VGa-IAs,0,substitution,7,2,0.001,1660600,1.0497558431667637,3.435572544565554,0.7007451255939402,0.748962656584369,0.5209521480501978
VGa-IAs_chg0_atom028_axis0,VGa-IAs_chg0,3,VGa-IAs,0,substitution,28,0,0.001,1660600,1.0497558318728741,3.4782136212219825,0.7008325602113389,0.7489085021805413,0.5208071604678876
VGa-IAs_chg0_atom028_axis1,VGa-IAs_chg0,3,VGa-IAs,0,substitution,28,1,0.001,1660600,1.0497558317815363,3.477025890527109,0.7008406474441423,0.7489140984386503,0.5207695391116065
VGa-IAs_chg0_atom028_axis2,VGa-IAs_chg0,3,VGa-IAs,0,substitution,28,2,0.001,1660600,1.0497557786495182,3.435872132916522,0.7008383452076942,0.7488989121565415,0.5208112826297684
VGa-IAs_chg0_atom032_axis0,VGa-IAs_chg0,3,VGa-IAs,0,substitution,32,0,0.001,1660600,1.0497559692827996,3.739634202115801,0.6713696462615178,0.8085797786101308,0.4852556992425338
VGa-IAs_chg0_atom032_axis1,VGa-IAs_chg0,3,VGa-IAs,0,substitution,32,1,0.001,1660600,1.0497559685536415,3.7392000966504537,0.6713480789835489,0.8085924012952089,0.48528153759336123
VGa-IAs_chg0_atom032_axis2,VGa-IAs_chg0,3,VGa-IAs,0,substitution,32,2,0.001,1660600,1.0497559372717549,3.6876880041380353,0.6713750578642487,0.8085722925690746,0.48525569752171954
VGa-IAs_chg0_atom033_axis0,VGa-IAs_chg0,3,VGa-IAs,0,substitution,33,0,0.001,1660600,1.0497561555577037,4.148680628329155,0.7136431843058214,0.7246715168401894,0.5391037345446926
VGa-IAs_chg0_atom033_axis1,VGa-IAs_chg0,3,VGa-IAs,0,substitution,33,1,0.001,1660600,1.0497561521389238,4.148495944861862,0.7136359480711322,0.7246791954721051,0.5391092552071552
VGa-IAs_chg0_atom033_axis2,VGa-IAs_chg0,3,VGa-IAs,0,substitution,33,2,0.001,1660600,1.0497560724772723,4.091900356266786,0.7136268584780986,0.7246892235290376,0.5391150770514161
VGa-IAs_chg6_atom007_axis0,VGa-IAs_chg6,3,VGa-IAs,6,substitution,7,0,0.001,1660600,1230164.608811869,566318.5737955214,38299.434569745776,0.020058790136549404,38299.45461550406
VGa-IAs_chg6_atom007_axis1,VGa-IAs_chg6,3,VGa-IAs,6,substitution,7,1,0.001,1660600,1230164.6088120432,566385.2397474358,38301.46118608856,0.0200869261158785,38301.48125998355
VGa-IAs_chg6_atom007_axis2,VGa-IAs_chg6,3,VGa-IAs,6,substitution,7,2,0.001,1660600,1230164.608811998,564766.9427190372,38300.82576551181,0.02009009420585788,38300.84584257464
VGa-IAs_chg6_atom028_axis0,VGa-IAs_chg6,3,VGa-IAs,6,substitution,28,0,0.001,1660600,1230164.6088118837,566361.5322241192,38286.86489708979,0.020008745851076624,38286.88489279945
VGa-IAs_chg6_atom028_axis1,VGa-IAs_chg6,3,VGa-IAs,6,substitution,28,1,0.001,1660600,1230164.608811862,566419.9477345332,38293.61498341312,0.020006500299715273,38293.634976879504
VGa-IAs_chg6_atom028_axis2,VGa-IAs_chg6,3,VGa-IAs,6,substitution,28,2,0.001,1660600,1230164.6088118393,564898.9915670599,38296.1555106002,0.02000379386916518,38296.17550136104
VGa-IAs_chg6_atom032_axis0,VGa-IAs_chg6,3,VGa-IAs,6,substitution,32,0,0.001,1660600,1230164.6088120362,574511.9077765811,35354.525066390175,0.006804827327956683,35354.53185709116
VGa-IAs_chg6_atom032_axis1,VGa-IAs_chg6,3,VGa-IAs,6,substitution,32,1,0.001,1660600,1230164.608812063,574517.1623781166,35354.53850368676,0.0068200987204193085,35354.5453096591
VGa-IAs_chg6_atom032_axis2,VGa-IAs_chg6,3,VGa-IAs,6,substitution,32,2,0.001,1660600,1230164.6088120292,571306.1040063767,35351.985522769966,0.0068170272495682,35351.99232566983
VGa-IAs_chg6_atom033_axis0,VGa-IAs_chg6,3,VGa-IAs,6,substitution,33,0,0.001,1660600,1230164.6088119405,742349.4751311376,52646.023617309256,-0.04686505205140568,52645.97674280513
VGa-IAs_chg6_atom033_axis1,VGa-IAs_chg6,3,VGa-IAs,6,substitution,33,1,0.001,1660600,1230164.6088119668,742384.7229272665,52648.186116989775,-0.046866367366426034,52648.13924117074
VGa-IAs_chg6_atom033_axis2,VGa-IAs_chg6,3,VGa-IAs,6,substitution,33,2,0.001,1660600,1230164.6088122923,737933.9501825535,52646.819090431796,-0.04687127066706474,52646.77220970918
VGa-VGa_chg-6_atom001_axis0,VGa-VGa_chg-6,2,VGa-VGa,-6,vacancy,1,0,0.001,1676484,39568397.69631999,14430743.532001445,1117358.6776613072,0.003454319500689703,1117358.681115748
VGa-VGa_chg-6_atom001_axis1,VGa-VGa_chg-6,2,VGa-VGa,-6,vacancy,1,1,0.001,1676484,39568397.69632024,13433882.10319522,1035807.3969419097,0.005131910037105451,1035807.4020738639
VGa-VGa_chg-6_atom001_axis2,VGa-VGa_chg-6,2,VGa-VGa,-6,vacancy,1,2,0.001,1676484,39568397.69632046,14360221.745771842,1118443.1934228346,0.0012315133669199502,1118443.1946544726
VGa-VGa_chg-6_atom002_axis0,VGa-VGa_chg-6,2,VGa-VGa,-6,vacancy,2,0,0.001,1676484,39568397.69632003,14428219.086727805,1117445.6345055746,0.0034465193676057808,1117445.6379522174
VGa-VGa_chg-6_atom002_axis1,VGa-VGa_chg-6,2,VGa-VGa,-6,vacancy,2,1,0.001,1676484,39568397.696320474,14375378.897417609,1118397.9206542682,0.0012395394466843306,1118397.9218939336
VGa-VGa_chg-6_atom002_axis2,VGa-VGa_chg-6,2,VGa-VGa,-6,vacancy,2,2,0.001,1676484,39568397.69632022,13411630.151094895,1035854.1002370487,0.005134615219079384,1035854.1053717071
VGa-VGa_chg-6_atom007_axis0,VGa-VGa_chg-6,2,VGa-VGa,-6,vacancy,7,0,0.001,1676484,39568397.69632,12535431.974333555,1068004.3192212994,-0.00325271585241313,1068004.3159687016
VGa-VGa_chg-6_atom007_axis1,VGa-VGa_chg-6,2,VGa-VGa,-6,vacancy,7,1,0.001,1676484,39568397.69632015,12324112.661024034,1019380.9274972345,0.002446897970005912,1019380.9299442036
VGa-VGa_chg-6_atom007_axis2,VGa-VGa_chg-6,2,VGa-VGa,-6,vacancy,7,2,0.001,1676484,39568397.69632013,12312194.521864844,1019328.3932955733,0.002450690888784305,1019328.3957463371
VGa-VGa_chg-6_atom027_axis0,VGa-VGa_chg-6,2,VGa-VGa,-6,vacancy,27,0,0.001,1676484,39568397.69632028,16648064.606051208,1138928.6684886077,-0.01586248364697549,1138928.6526262052
VGa-VGa_chg-6_atom027_axis1,VGa-VGa_chg-6,2,VGa-VGa,-6,vacancy,27,1,0.001,1676484,39568397.69632018,16411141.984361349,1119868.5792404716,-0.01166667423884112,1119868.5675738598
VGa-VGa_chg-6_atom027_axis2,VGa-VGa_chg-6,2,VGa-VGa,-6,vacancy,27,2,0.001,1676484,39568397.69632015,16378377.476791743,1119886.046243578,-0.011657900376462626,1119886.0345857397
VGa-VGa_chg0_atom001_axis0,VGa-VGa_chg0,2,VGa-VGa,0,vacancy,1,0,0.001,1676484,0.6542713818577844,3.2731620554583785,0.7224173676154485,0.7188344600103144,0.522340607864196
VGa-VGa_chg0_atom001_axis1,VGa-VGa_chg0,2,VGa-VGa,0,vacancy,1,1,0.001,1676484,0.6542638797126917,3.281054989912698,0.7231392848876579,0.7176084959967437,0.5229488471862888
VGa-VGa_chg0_atom001_axis2,VGa-VGa_chg0,2,VGa-VGa,0,vacancy,1,2,0.001,1676484,0.6542760064707193,3.1575538843426014,0.7228877286710336,0.7183229810243016,0.5219697958419077
VGa-VGa_chg0_atom002_axis0,VGa-VGa_chg0,2,VGa-VGa,0,vacancy,2,0,0.001,1676484,0.6542713755452124,3.274631892962301,0.7224168969163073,0.7188301093826969,0.5223539044473778
VGa-VGa_chg0_atom002_axis1,VGa-VGa_chg0,2,VGa-VGa,0,vacancy,2,1,0.001,1676484,0.6542760718579556,3.189681035875517,0.7228640507798684,0.7183626637847303,0.5219514812358855
VGa-VGa_chg0_atom002_axis2,VGa-VGa_chg0,2,VGa-VGa,0,vacancy,2,2,0.001,1676484,0.6542638540677266,3.240436357818851,0.7231606684863948,0.7175788703499623,0.5229489969520678
VGa-VGa_chg0_atom007_axis0,VGa-VGa_chg0,2,VGa-VGa,0,vacancy,7,0,0.001,1676484,0.6542711557509975,3.10264850261392,0.7326945103250568,0.7089566138924361,0.5103093741864527
VGa-VGa_chg0_atom007_axis1,VGa-VGa_chg0,2,VGa-VGa,0,vacancy,7,1,0.001,1676484,0.6542721101763237,2.957481815583402,0.7238604620850638,0.7217550555982946,0.5098486402820102
VGa-VGa_chg0_atom007_axis2,VGa-VGa_chg0,2,VGa-VGa,0,vacancy,7,2,0.001,1676484,0.6542720090094193,2.9228152301515333,0.7238652185716917,0.7217556907263696,0.5098308650115927
VGa-VGa_chg0_atom027_axis0,VGa-VGa_chg0,2,VGa-VGa,0,vacancy,27,0,0.001,1676484,0.65427117268855,3.488434820492033,0.704105864530854,0.7424408964859618,0.5256839975367986
VGa-VGa_chg0_atom027_axis1,VGa-VGa_chg0,2,VGa-VGa,0,vacancy,27,1,0.001,1676484,0.6542724111340492,3.4928127696090874,0.7036165255067885,0.7439537242363644,0.523628149752055
VGa-VGa_chg0_atom027_axis2,VGa-VGa_chg0,2,VGa-VGa,0,vacancy,27,2,0.001,1676484,0.6542723650663437,3.4473164568824695,0.7036128604974928,0.7439569324281161,0.5236322293969918
VGa-VGa_chg6_atom001_axis0,VGa-VGa_chg6,2,VGa-VGa,6,vacancy,1,0,0.001,1676484,1621746.6328067803,634069.2415549882,47278.92503333461,0.0272773576543984,47278.95230014762
VGa-VGa_chg6_atom001_axis1,VGa-VGa_chg6,2,VGa-VGa,6,vacancy,1,1,0.001,1676484,1621746.6328071768,594458.9782971988,43505.24434776119,0.01569104822479232,43505.260027340344
VGa-VGa_chg6_atom001_axis2,VGa-VGa_chg6,2,VGa-VGa,6,vacancy,1,2,0.001,1676484,1621746.632806397,607880.6226786817,45685.60592046281,0.029829855201839194,45685.63573940554
VGa-VGa_chg6_atom002_axis0,VGa-VGa_chg6,2,VGa-VGa,6,vacancy,2,0,0.001,1676484,1621746.6328070492,633608.2078008879,47276.11484390251,0.027274615634974415,47276.14210797275
VGa-VGa_chg6_atom002_axis1,VGa-VGa_chg6,2,VGa-VGa,6,vacancy,2,1,0.001,1676484,1621746.6328078934,608968.346918035,45668.93016208017,0.02989791184475914,45668.96004907555
VGa-VGa_chg6_atom002_axis2,VGa-VGa_chg6,2,VGa-VGa,6,vacancy,2,2,0.001,1676484,1621746.6328086536,593728.365172489,43512.525899363754,0.01573781337076427,43512.54162571001
VGa-VGa_chg6_atom007_axis0,VGa-VGa_chg6,2,VGa-VGa,6,vacancy,7,0,0.001,1676484,1621746.632806764,564127.6308721775,47203.52731433709,0.03229843469157975,47203.5596022147
VGa-VGa_chg6_atom007_axis1,VGa-VGa_chg6,2,VGa-VGa,6,vacancy,7,1,0.001,1676484,1621746.6328072238,560970.8292668145,45879.00106909183,-0.004506367608849982,45878.99655185018
VGa-VGa_chg6_atom007_axis2,VGa-VGa_chg6,2,VGa-VGa,6,vacancy,7,2,0.001,1676484,1621746.6328070208,560684.6061423295,45876.033137277685,-0.004507598789204232,45876.02861880417
VGa-VGa_chg6_atom027_axis0,VGa-VGa_chg6,2,VGa-VGa,6,vacancy,27,0,0.001,1676484,1621746.6328075875,679065.8501030857,46245.90758884505,0.04325118580620067,46245.950829260626
VGa-VGa_chg6_atom027_axis1,VGa-VGa_chg6,2,VGa-VGa,6,vacancy,27,1,0.001,1676484,1621746.632807858,682167.776048534,46168.16875684175,0.045141938840584095,46168.213887993865
VGa-VGa_chg6_atom027_axis2,VGa-VGa_chg6,2,VGa-VGa,6,vacancy,27,2,0.001,1676484,1621746.6328073144,680283.1333885783,46162.09136156224,0.04516003769391427,46162.136510811775
VGa_chg-3_atom007_axis0,VGa_chg-3,0,VGa,-3,vacancy,7,0,0.001,1667459,1.319893575518476,3.332342302577956,0.726995043219693,0.7110793266009252,0.5262669850603624
VGa_chg-3_atom007_axis1,VGa_chg-3,0,VGa,-3,vacancy,7,1,0.001,1667459,1.3198938518429533,3.3331228073223307,0.7270266728313107,0.7110698338741871,0.5261696130671151
VGa_chg-3_atom007_axis2,VGa_chg-3,0,VGa,-3,vacancy,7,2,0.001,1667459,1.3198939263782388,3.2975121320372534,0.7269942483682789,0.7111124294275882,0.5261758877506071
VGa_chg-3_atom010_axis0,VGa_chg-3,0,VGa,-3,vacancy,10,0,0.001,1667459,1.3198938507111777,3.3328632837486536,0.7269887741518603,0.7111274822635695,0.5261545821570214
VGa_chg-3_atom010_axis1,VGa_chg-3,0,VGa,-3,vacancy,10,1,0.001,1667459,1.319893573844638,3.331411724582992,0.7270033003940151,0.7110680012933576,0.5262667533332916
VGa_chg-3_atom010_axis2,VGa_chg-3,0,VGa,-3,vacancy,10,2,0.001,1667459,1.3198939247833763,3.2970396463825904,0.7269986798187398,0.7111086426607407,0.5261692414357173
VGa_chg-3_atom017_axis0,VGa_chg-3,0,VGa,-3,vacancy,17,0,0.001,1667459,1.3198938711166865,3.3330088704519802,0.7270059696885742,0.7111033928611724,0.5261555210108054
VGa_chg-3_atom017_axis1,VGa_chg-3,0,VGa,-3,vacancy,17,1,0.001,1667459,1.3198938720615525,3.3328577660574465,0.727011791971,0.7110881034699561,0.5261761337063166
VGa_chg-3_atom017_axis2,VGa_chg-3,0,VGa,-3,vacancy,17,2,0.001,1667459,1.3198936946431559,3.296857928166103,0.7270013350530147,0.7110720360541627,0.5262629950751911
VGa_chg-3_atom032_axis0,VGa_chg-3,0,VGa,-3,vacancy,32,0,0.001,1667459,1.3198929232023826,4.077549608916682,0.6988121957546662,0.7409916299310702,0.5475825283774381
VGa_chg-3_atom032_axis1,VGa_chg-3,0,VGa,-3,vacancy,32,1,0.001,1667459,1.3198929259820429,4.077075673092902,0.6987905170593025,0.7410101905177304,0.5476083053574471
VGa_chg-3_atom032_axis2,VGa_chg-3,0,VGa,-3,vacancy,32,2,0.001,1667459,1.3198929814927953,4.019804706561356,0.6987977855759651,0.7409978849758634,0.547616886258311
VGa_chg0_atom007_axis0,VGa_chg0,0,VGa,0,vacancy,7,0,0.001,1667459,0.5650383510068716,3.699139112574308,0.7243389813821303,0.7158014909558099,0.5233469913858317
VGa_chg0_atom007_axis1,VGa_chg0,0,VGa,0,vacancy,7,1,0.001,1667459,0.5650191794089996,3.6780859011325098,0.7243121459297442,0.7158395065809986,0.5233446133397998
VGa_chg0_atom007_axis2,VGa_chg0,0,VGa,0,vacancy,7,2,0.001,1667459,0.5650193209244757,3.640425016238133,0.7243068051180156,0.715845276710753,0.5233490218645095
VGa_chg0_atom010_axis0,VGa_chg0,0,VGa,0,vacancy,10,0,0.001,1667459,0.5650186380551128,3.678456576882062,0.7243349724247456,0.7158193221482182,0.5233135969378767
VGa_chg0_atom010_axis1,VGa_chg0,0,VGa,0,vacancy,10,1,0.001,1667459,0.5650204505239744,3.6763739685459074,0.7242823519237843,0.7158341131714309,0.5234714273702481
VGa_chg0_atom010_axis2,VGa_chg0,0,VGa,0,vacancy,10,2,0.001,1667459,0.5650193150253792,3.640488426107283,0.7243111867296598,0.7158430543008691,0.5233385774360529
VGa_chg0_atom017_axis0,VGa_chg0,0,VGa,0,vacancy,17,0,0.001,1667459,0.565019268364123,3.6787128237272313,0.7243207065807357,0.71583215260427,0.5233323949832376
VGa_chg0_atom017_axis1,VGa_chg0,0,VGa,0,vacancy,17,1,0.001,1667459,0.565019470327848,3.678007796850515,0.7243202535057639,0.715831265061797,0.5233365127200706
VGa_chg0_atom017_axis2,VGa_chg0,0,VGa,0,vacancy,17,2,0.001,1667459,0.5650191524159223,3.640205394070809,0.7242774787619858,0.7158570401424599,0.5234273954308999
VGa_chg0_atom032_axis0,VGa_chg0,0,VGa,0,vacancy,32,0,0.001,1667459,0.5650210759056384,4.22167070216154,0.7038007960478231,0.736298071356339,0.5427253191388718
VGa_chg0_atom032_axis1,VGa_chg0,0,VGa,0,vacancy,32,1,0.001,1667459,0.5650212300138905,4.197823216671638,0.7037310510858356,0.7363113868228895,0.5429416616127195
VGa_chg0_atom032_axis2,VGa_chg0,0,VGa,0,vacancy,32,2,0.001,1667459,0.5650213845464834,4.142308142608595,0.703708422639385,0.7363412152181812,0.5429402604040157
VGa_chg3_atom007_axis0,VGa_chg3,0,VGa,3,vacancy,7,0,0.001,1667459,0.9696194343083383,3.327354415662117,0.7177208303223165,0.722506652270342,0.5297916999342315
VGa_chg3_atom007_axis1,VGa_chg3,0,VGa,3,vacancy,7,1,0.001,1667459,0.9696184677723586,3.3298756248629657,0.7177455499545431,0.722502296267846,0.5297116258703518
VGa_chg3_atom007_axis2,VGa_chg3,0,VGa,3,vacancy,7,2,0.001,1667459,0.969618417610657,3.293577001288523,0.7177322466451206,0.7225224143277926,0.5297058769645017
VGa_chg3_atom010_axis0,VGa_chg3,0,VGa,3,vacancy,10,0,0.001,1667459,0.9696184704675435,3.3295791838036775,0.7177468618783613,0.7225115757934245,0.5296812491013058
VGa_chg3_atom010_axis1,VGa_chg3,0,VGa,3,vacancy,10,1,0.001,1667459,0.9696194362595765,3.3254726686742875,0.7177031085057144,0.7225218316905965,0.5298159697435466
VGa_chg3_atom010_axis2,VGa_chg3,0,VGa,3,vacancy,10,2,0.001,1667459,0.9696184163127242,3.293143370077729,0.7177460374502186,0.7225054904948512,0.5297010349676184
VGa_chg3_atom017_axis0,VGa_chg3,0,VGa,3,vacancy,17,0,0.001,1667459,0.9696184803884199,3.330110052380074,0.7177514581659494,0.7225020054661487,0.5296904300812291
VGa_chg3_atom017_axis1,VGa_chg3,0,VGa,3,vacancy,17,1,0.001,1667459,0.9696184812854847,3.330603586796642,0.7177396967212084,0.7225110334377811,0.5297094108065258
VGa_chg3_atom017_axis2,VGa_chg3,0,VGa,3,vacancy,17,2,0.001,1667459,0.9696193007088343,3.2910703836009305,0.7177252352366097,0.7225024719274992,0.5297867869476476
VGa_chg3_atom032_axis0,VGa_chg3,0,VGa,3,vacancy,32,0,0.001,1667459,0.9696216742210236,4.062220365208855,0.708255686179321,0.731796828102823,0.5390464334803041
VGa_chg3_atom032_axis1,VGa_chg3,0,VGa,3,vacancy,32,1,0.001,1667459,0.9696216768118854,4.062644399132467,0.7082717458590609,0.7317815833327299,0.5390300549661752
VGa_chg3_atom032_axis2,VGa_chg3,0,VGa,3,vacancy,32,2,0.001,1667459,0.9696215436089469,4.006271016516407,0.7082572118215845,0.7317950630110572,0.5390457638032986
